date,GICS Sector,RET_SEC,MKT_SEC
2015-01-30,Communication Services,-0.007840901328574021,1185301104708960.0
2015-01-30,Consumer Discretionary,-0.002181637567599648,1317475090616030.0
2015-01-30,Consumer Staples,-0.01493201791576216,1793351550755040.0
2015-01-30,Energy,-0.04215068956240104,1322415813710000.0
2015-01-30,Financials,-0.08245549035432102,2361369863422140.0
2015-01-30,Health Care,0.012847915945353863,2383097265742160.0
2015-01-30,Industrials,-0.025938744554237846,1734760720309640.0
2015-01-30,Information Technology,-0.03355616161999149,2585963569955000.0
2015-01-30,Materials,-0.00963232820510167,564491145410020.0
2015-01-30,Real Estate,0.06616250749319295,492916836286900.0
2015-01-30,Utilities,0.027933586288734616,606086977850000.0
2015-02-27,Communication Services,0.08063459561827638,1279810580113320.0
2015-02-27,Consumer Discretionary,0.07656482494689754,1411909401503610.0
2015-02-27,Consumer Staples,0.040725587810907266,1855577527081780.0
2015-02-27,Energy,0.03880705190774281,1343701961943820.0
2015-02-27,Financials,0.07826565581900136,2528156581277840.0
2015-02-27,Health Care,0.041940690921096674,2462636242641270.0
2015-02-27,Industrials,0.05636217101672979,1815696744990440.0
2015-02-27,Information Technology,0.09274436020198475,2809048451696050.0
2015-02-27,Materials,0.0972704766997376,610721111657110.0
2015-02-27,Real Estate,-0.02069717447036478,482774223233170.0
2015-02-27,Utilities,-0.06225147563068359,582067481690000.0
2015-03-31,Communication Services,-0.02303422024350742,1247472841391980.0
2015-03-31,Consumer Discretionary,0.0021730068089069743,1409952571394970.0
2015-03-31,Consumer Staples,-0.019358934234609722,1809845937830000.0
2015-03-31,Energy,-0.012916449489335038,1326183097733820.0
2015-03-31,Financials,-0.008947737183492491,2496253436090000.0
2015-03-31,Health Care,0.01108237533054078,2487935719083700.0
2015-03-31,Industrials,-0.021782911718375247,1770391855348500.0
2015-03-31,Information Technology,-0.03363295123525815,2700686065495000.0
2015-03-31,Materials,-0.0407942077965875,582150470137870.0
2015-03-31,Real Estate,0.005833313512156627,486175118794740.0
2015-03-31,Utilities,-0.008929039586275674,576203055540000.0
2015-04-30,Communication Services,0.03305032435858998,1276129869884200.0
2015-04-30,Consumer Discretionary,-7.844356615670234e-05,1399633146759090.0
2015-04-30,Consumer Staples,-0.00999143973722013,1790980376410000.0
2015-04-30,Energy,0.055728916708406476,1394229175556180.0
2015-04-30,Financials,0.01759444689258763,2536326754040000.0
2015-04-30,Health Care,-0.013771728038025084,2445308941902450.0
2015-04-30,Industrials,0.0074006263968767,1769744398527540.0
2015-04-30,Information Technology,0.03652484063720018,2795474474002660.0
2015-04-30,Materials,0.04312884431799268,603297598039280.0
2015-04-30,Real Estate,-0.03490151773656866,468432052494710.0
2015-04-30,Utilities,-0.003923528539659335,573681440880000.0
2015-05-29,Communication Services,0.008728416928174956,1284931025016350.0
2015-05-29,Consumer Discretionary,0.02231383044039892,1426340943932530.0
2015-05-29,Consumer Staples,0.007685607755113494,1792802496910000.0
2015-05-29,Energy,-0.037488245925662855,1332473435340000.0
2015-05-29,Financials,0.025648923273163537,2588483448780000.0
2015-05-29,Health Care,0.05008865585008554,2554139076683550.0
2015-05-29,Industrials,0.0038405184455140707,1767895699866110.0
2015-05-29,Information Technology,0.028552392551667496,2844226075521770.0
2015-05-29,Materials,0.007522392235954948,604440851095680.0
2015-05-29,Real Estate,0.0012152085692254417,467381461717660.0
2015-05-29,Utilities,0.00644342816197638,572748288470000.0
2015-06-30,Communication Services,-0.0016830281147148024,1280875053152400.0
2015-06-30,Consumer Discretionary,0.006561382729916748,1429518431987070.0
2015-06-30,Consumer Staples,-0.01779065765184733,1760746464930000.0
2015-06-30,Energy,-0.02975671472702492,1288972187140000.0
2015-06-30,Financials,0.008814799148864136,2605280395351000.0
2015-06-30,Health Care,0.0016663219461634732,2573617620708250.0
2015-06-30,Industrials,-0.02188705881572295,1724951206045400.0
2015-06-30,Information Technology,-0.055838196765959906,2661958849167910.0
2015-06-30,Materials,-0.03681455757321023,579545900228330.0
2015-06-30,Real Estate,-0.030489290073090904,450141038905290.0
2015-06-30,Utilities,-0.06183903597419823,538133547410000.06
2015-07-31,Communication Services,0.08873849263082562,1415682167190710.0
2015-07-31,Consumer Discretionary,0.07744216107848773,1481073703052380.0
2015-07-31,Consumer Staples,0.044734641356242756,1934591848440000.0
2015-07-31,Energy,-0.06709426894526979,1197602281996180.0
2015-07-31,Financials,0.03372956228747747,2724656327409860.0
2015-07-31,Health Care,0.032628097487862495,2623199632391600.0
2015-07-31,Industrials,0.007220187304271332,1718924627271170.0
2015-07-31,Information Technology,0.0018104731445497233,2655679890866660.0
2015-07-31,Materials,-0.051093927559677135,539472795097100.0
2015-07-31,Real Estate,0.056778919076932416,476029165141820.0
2015-07-31,Utilities,0.06251763822935788,561611201280000.0
2015-08-31,Communication Services,-0.05426641512674344,1332287213668860.0
2015-08-31,Consumer Discretionary,-0.04023169931030197,1412786023790780.0
2015-08-31,Consumer Staples,-0.05663246947570858,1811010932429980.0
2015-08-31,Energy,-0.04602195701888559,1132082573450000.0
2015-08-31,Financials,-0.06844987061520856,2521475558118710.0
2015-08-31,Health Care,-0.07467486895130437,2421142742944410.0
2015-08-31,Industrials,-0.05427792445324575,1615999328043630.0
2015-08-31,Information Technology,-0.061731184157064196,2477401843351360.0
2015-08-31,Materials,-0.059875186262517734,503611444000000.0
2015-08-31,Real Estate,-0.03866373203172786,452511227599810.0
2015-08-31,Utilities,-0.03631876953382287,539246489510000.0
2015-09-30,Communication Services,-0.017840994404610108,1307276014072690.0
2015-09-30,Consumer Discretionary,-0.0009571065514446352,1403444430592600.0
2015-09-30,Consumer Staples,0.007570791383910564,1810298089564520.0
2015-09-30,Energy,-0.06171133828389227,1056494570470000.0
2015-09-30,Financials,-0.03892967582483377,2416911378336180.0
2015-09-30,Health Care,-0.04778188733348674,2291508734520370.0
2015-09-30,Industrials,-0.013769446083921258,1585001551760250.0
2015-09-30,Information Technology,-0.005116692522217047,2452504719880000.0
2015-09-30,Materials,-0.06670588056035993,467488346430000.0
2015-09-30,Real Estate,0.017886530436861673,456472733466160.0
2015-09-30,Utilities,0.03217679714792162,554179541060000.0
2015-10-30,Communication Services,0.10759147299512556,1438176447933280.0
2015-10-30,Consumer Discretionary,0.10800743016005393,1539586897032030.0
2015-10-30,Consumer Staples,0.047335985416951144,1892149172877220.0
2015-10-30,Energy,0.11311313688644731,1171624462630000.0
2015-10-30,Financials,0.06987831591975951,2565972290623570.0
2015-10-30,Health Care,0.074261950019392,2448808531268350.0
2015-10-30,Industrials,0.0957126125750036,1716417115942310.0
2015-10-30,Information Technology,0.09842499074648221,2658227149606660.0
2015-10-30,Materials,0.1874664794658422,547021142738980.0
2015-10-30,Real Estate,0.07642384972530261,492749242909870.0
2015-10-30,Utilities,0.011680412618188828,560086608120000.0
2015-11-30,Communication Services,0.006585295927479726,1441812378233360.0
2015-11-30,Consumer Discretionary,0.016445027405299538,1552658589152430.0
2015-11-30,Consumer Staples,-0.004000570135955799,1875417102097310.0
2015-11-30,Energy,-0.004934378878779535,1153514831360000.0
2015-11-30,Financials,0.024688127573692584,2612134167520000.0
2015-11-30,Health Care,0.0010521561685261115,2443092666598300.0
2015-11-30,Industrials,0.013374468471464028,1729367412889600.0
2015-11-30,Information Technology,0.009946514071179562,2663661938818050.0
2015-11-30,Materials,0.011696102114661487,550004299879600.0
2015-11-30,Real Estate,0.001057653457857097,491421720209950.0
2015-11-30,Utilities,-0.019669302700626848,546731510350000.0
2015-12-31,Communication Services,-0.0036464458722717855,1451600908440200.0
2015-12-31,Consumer Discretionary,-0.0047493375822618,1540908503061390.0
2015-12-31,Consumer Staples,0.02752451924572153,1906839531034000.0
2015-12-31,Energy,-0.09628914477706434,1027386348770000.0
2015-12-31,Financials,-0.028848707907272533,2533793743811510.0
2015-12-31,Health Care,0.011612392916157583,2461473980783470.0
2015-12-31,Industrials,-0.019991943938392903,1688371531602740.0
2015-12-31,Information Technology,-0.03393794790843352,2562061108821440.0
2015-12-31,Materials,-0.03925890078103164,525588287601010.0
2015-12-31,Real Estate,0.02014532805117656,498369093453240.0
2015-12-31,Utilities,0.02233661765774545,556849761980000.0
2016-01-29,Communication Services,-0.0018723014031999615,1436579164055940.0
2016-01-29,Consumer Discretionary,-0.05950004450326172,1434937526284710.0
2016-01-29,Consumer Staples,0.014864592988651544,1930177832163280.0
2016-01-29,Energy,-0.013087271781653545,1006907165590000.0
2016-01-29,Financials,-0.09231814913385458,2301204425428520.0
2016-01-29,Health Care,-0.058984325545551504,2299764766956980.0
2016-01-29,Industrials,-0.05741922881537429,1582732319590000.0
2016-01-29,Information Technology,-0.06258764084731251,2385914671120200.0
2016-01-29,Materials,-0.12126282002845487,457397271990000.0
2016-01-29,Real Estate,-0.02524156049813263,486463962759020.0
2016-01-29,Utilities,0.05187983738462087,585156868970000.0
2016-02-29,Communication Services,-0.011814342356313345,1415844420813300.0
2016-02-29,Consumer Discretionary,-0.0042640867212600355,1416580234261260.0
2016-02-29,Consumer Staples,0.0024659161580275982,1934573491604660.0
2016-02-29,Energy,-0.004285498677250345,995199322820000.0
2016-02-29,Financials,-0.034720217914200095,2197895974351370.0
2016-02-29,Health Care,4.550071013551286e-05,2279804676881890.0
2016-02-29,Industrials,0.041212799295385426,1606767593944850.0
2016-02-29,Information Technology,0.00027664879137280263,2380085718125650.0
2016-02-29,Materials,0.11327031449756511,497256651730000.0
2016-02-29,Real Estate,-0.004409979802099899,492334407852690.0
2016-02-29,Utilities,0.02077019520249036,594333488090000.0
2016-03-31,Communication Services,0.060839881036790465,1498915088423610.0
2016-03-31,Consumer Discretionary,0.07267699325289947,1507746798214720.0
2016-03-31,Consumer Staples,0.05076833088623264,2017660739942900.0
2016-03-31,Energy,0.08525670957458238,1074144278718820.0
2016-03-31,Financials,0.06552772258895476,2332295508458890.0
2016-03-31,Health Care,0.04298868308844553,2374908663684300.0
2016-03-31,Industrials,0.07712014777527224,1718850083046060.0
2016-03-31,Information Technology,0.10840388397554526,2619992044590000.0
2016-03-31,Materials,0.08102884189008602,532620721488720.0
2016-03-31,Real Estate,0.10442591855008199,537859643224240.0
2016-03-31,Utilities,0.08307377647112277,641524132840000.0
2016-04-29,Communication Services,-0.02287990768958714,1454863335789080.0
2016-04-29,Consumer Discretionary,0.01142021135518672,1512717280536820.0
2016-04-29,Consumer Staples,-0.013371156118178764,1976919207775000.0
2016-04-29,Energy,0.07901421057162984,1164370919759180.0
2016-04-29,Financials,0.043401464226616254,2453455769808260.0
2016-04-29,Health Care,0.04146188581815081,2462279204933910.0
2016-04-29,Industrials,0.013806434484407801,1731492202695480.0
2016-04-29,Information Technology,-0.0632627120820458,2437949722040000.0
2016-04-29,Materials,0.049575838857688764,556815808090000.0
2016-04-29,Real Estate,-0.02201718630522111,524776424762670.0
2016-04-29,Utilities,-0.024531159782463615,626009050720000.0
2016-05-31,Communication Services,0.030798522305154258,1494950402523300.0
2016-05-31,Consumer Discretionary,0.01636303064825827,1531945229897330.0
2016-05-31,Consumer Staples,0.01644626879907403,2004366623035630.0
2016-05-31,Energy,0.0028705430976576334,1159929766270000.0
2016-05-31,Financials,0.026155349981340895,2502610686332470.0
2016-05-31,Health Care,0.019903063642627727,2494143675427280.0
2016-05-31,Industrials,-0.0001111715043279979,1719649105165680.0
2016-05-31,Information Technology,0.06486299899047691,2583670461534460.0
2016-05-31,Materials,-0.010394388383058645,547288549524730.0
2016-05-31,Real Estate,0.02645211188016311,538942796063820.0
2016-05-31,Utilities,0.016925919573372084,636300667890000.0
2016-06-30,Communication Services,0.013022898208703483,1543685041672160.0
2016-06-30,Consumer Discretionary,-0.01088817944964877,1510728310479970.0
2016-06-30,Consumer Staples,0.052915564806798765,2100298315928540.0
2016-06-30,Energy,0.03530757514774853,1198957235848820.0
2016-06-30,Financials,-0.05937798806674449,2343434055988870.0
2016-06-30,Health Care,0.01974469338370062,2535657287599160.0
2016-06-30,Industrials,0.015679203104776614,1738340978413850.0
2016-06-30,Information Technology,-0.020173483654560377,2512903802166000.0
2016-06-30,Materials,-0.005130565376975269,541746409574140.0
2016-06-30,Real Estate,0.06965213198362759,572542753840550.0
2016-06-30,Utilities,0.08034952276096903,683508749995540.0
2016-07-29,Communication Services,0.046971764252674096,1605010047343240.0
2016-07-29,Consumer Discretionary,0.06326694269593641,1599177289141000.0
2016-07-29,Consumer Staples,-0.0013066196036492954,2081388262198400.0
2016-07-29,Energy,-0.018719625574206783,1173364553700000.0
2016-07-29,Financials,0.04771230104648672,2437780062526980.0
2016-07-29,Health Care,0.047807702262954714,2628791498055110.0
2016-07-29,Industrials,0.030215662256694583,1796039909312550.0
2016-07-29,Information Technology,0.0765775625816329,2693642442580000.0
2016-07-29,Materials,0.05847024502952941,572670841056950.0
2016-07-29,Real Estate,0.018061321791807722,584321095485070.0
2016-07-29,Utilities,-0.006601329177154234,679217928400270.0
2016-08-31,Communication Services,-0.0156240980798515,1575656831277800.0
2016-08-31,Consumer Discretionary,-0.007482362608516293,1577518496384590.0
2016-08-31,Consumer Staples,-0.010008020129149177,2054125478461130.0
2016-08-31,Energy,0.015772057469621792,1183116815120000.0
2016-08-31,Financials,0.05488231254186344,2551364825316810.0
2016-08-31,Health Care,-0.02678851154134372,2534885017284480.0
2016-08-31,Industrials,0.011652992923763273,1805103957974790.0
2016-08-31,Information Technology,0.028069797531639826,2754714225640000.0
2016-08-31,Materials,-0.0007520042720906763,568423399557780.0
2016-08-31,Real Estate,-0.03669874889824458,560784194661060.0
2016-08-31,Utilities,-0.05466645344022924,643383672420000.0
2016-09-30,Communication Services,0.006790229693966794,1586146739219280.0
2016-09-30,Consumer Discretionary,0.009304362253329023,1592715101473100.0
2016-09-30,Consumer Staples,-0.010710977787344042,2024575148366700.0
2016-09-30,Energy,0.02653650374988294,1209928065550000.0
2016-09-30,Financials,-0.01621834813417396,2503699345585760.0
2016-09-30,Health Care,-0.002807564986999921,2519734909367620.0
2016-09-30,Industrials,0.0032705568421045068,1817261122955130.0
2016-09-30,Information Technology,0.030358713662069513,2829831443808440.0
2016-09-30,Materials,-0.014973940472709817,557339519540000.0
2016-09-30,Real Estate,-0.006243143763830063,552351167596570.0
2016-09-30,Utilities,0.003406594863530426,643585219480000.0
2016-10-31,Communication Services,-0.014289798465655517,1549744587819920.0
2016-10-31,Consumer Discretionary,-0.03580086167535505,1527427691066120.0
2016-10-31,Consumer Staples,-0.008340400897672556,2001151763010000.0
2016-10-31,Energy,-0.025800875024000004,1174143124240000.0
2016-10-31,Financials,0.0243916036679422,2544719675377970.0
2016-10-31,Health Care,-0.06169516901508781,2355797747521290.0
2016-10-31,Industrials,-0.017800106802564553,1769150593288730.0
2016-10-31,Information Technology,-0.0006053398337019559,2811076811786890.0
2016-10-31,Materials,-0.004858007571304353,548738528550000.0
2016-10-31,Real Estate,-0.04313320126181941,529647108992450.0
2016-10-31,Utilities,0.009151702140898804,648963746900000.0
2016-11-30,Communication Services,0.032332826304804003,1593034791958180.0
2016-11-30,Consumer Discretionary,0.03688276281549099,1559955638261530.0
2016-11-30,Consumer Staples,-0.026546661606320195,1934063922460000.0
2016-11-30,Energy,0.08055481204156273,1263119667350000.0
2016-11-30,Financials,0.12373793716861778,2816773172344200.0
2016-11-30,Health Care,0.014332909385455811,2367180090176400.0
2016-11-30,Industrials,0.09374844250084095,1920154321104110.0
2016-11-30,Information Technology,0.022326716121387397,2853094236513530.0
2016-11-30,Materials,0.0878844279656664,590993543692830.0
2016-11-30,Real Estate,-0.038794229948050936,509974081134750.0
2016-11-30,Utilities,-0.05300635227280089,611394464920000.0
2016-12-30,Communication Services,0.04311958048485438,1659533140337540.0
2016-12-30,Consumer Discretionary,0.0058265536952774805,1564060001287350.0
2016-12-30,Consumer Staples,0.026363175749357193,1972656503410000.0
2016-12-30,Energy,0.022714431222700626,1289309736900700.0
2016-12-30,Financials,0.0353625726041863,2908878432533200.0
2016-12-30,Health Care,0.012751012704608334,2388133758483250.0
2016-12-30,Industrials,0.010048570905266554,1933343074269240.0
2016-12-30,Information Technology,0.02115927951016554,2894305618498550.0
2016-12-30,Materials,0.005871198058224261,591717715055260.0
2016-12-30,Real Estate,0.043620413597148015,531728127772800.0
2016-12-30,Utilities,0.04935738938177154,639526850610000.0
2017-01-31,Communication Services,0.0405064146465081,1715272686674440.0
2017-01-31,Consumer Discretionary,0.0498853368325544,1618580435497010.0
2017-01-31,Consumer Staples,0.010351732359547824,1987590822817290.0
2017-01-31,Energy,-0.03240470509789036,1246082448710700.0
2017-01-31,Financials,0.011030682149635583,2926303176851580.0
2017-01-31,Health Care,0.027705349088859056,2450341868938980.0
2017-01-31,Industrials,0.017878819081569495,1958166569179270.0
2017-01-31,Information Technology,0.04171072111980093,3006815938314340.0
2017-01-31,Materials,0.05091233746289355,620302282908760.0
2017-01-31,Real Estate,0.0034489541262004617,533326164474560.0
2017-01-31,Utilities,0.015085762071771007,648530444510000.0
2017-02-28,Communication Services,0.008560330632502751,1741510050547480.0
2017-02-28,Consumer Discretionary,0.029820013764550846,1661636213971590.0
2017-02-28,Consumer Staples,0.04818942253765744,2058765755898590.0
2017-02-28,Energy,-0.019844820791007103,1215090539659300.0
2017-02-28,Financials,0.05440383370221199,3064850826111830.0
2017-02-28,Health Care,0.06427356871246477,2578422771587030.0
2017-02-28,Industrials,0.037905203680169114,2013529266999250.0
2017-02-28,Information Technology,0.062332959170154655,3172126800389360.0
2017-02-28,Materials,0.017021681472470296,636593345443070.0
2017-02-28,Real Estate,0.046985456944106586,566153841225020.0
2017-02-28,Utilities,0.05467055031843247,682714720400000.0
2017-03-31,Communication Services,0.010986229338656579,1747827827379380.0
2017-03-31,Consumer Discretionary,0.03043772736535076,1700024608346120.0
2017-03-31,Consumer Staples,-0.002099618822104968,2041752521157050.0
2017-03-31,Energy,-0.0059797798949876935,1205500075440000.0
2017-03-31,Financials,-0.020292968074933894,2994892063616290.0
2017-03-31,Health Care,0.0006663538068047614,2572203360504440.0
2017-03-31,Industrials,-0.003396206426293513,2003123432466250.0
2017-03-31,Information Technology,0.027714908171429766,3250255394523470.0
2017-03-31,Materials,0.008683715882695616,638895762904100.0
2017-03-31,Real Estate,-0.0009707296170061366,569602229183310.0
2017-03-31,Utilities,-0.0006672053092064898,680027248740000.0
2017-04-28,Communication Services,0.032617924032663635,1793434547061920.0
2017-04-28,Consumer Discretionary,0.034018061516693475,1752900082570780.0
2017-04-28,Consumer Staples,0.011210456068073344,2059248808911130.0
2017-04-28,Energy,-0.022891264518001636,1182787925930730.0
2017-04-28,Financials,0.0007533909242087012,2985791554404110.0
2017-04-28,Health Care,0.01545883138769968,2605161379855400.0
2017-04-28,Industrials,0.020086059760599448,2035266784909580.0
2017-04-28,Information Technology,0.010844470398440182,3271157764926730.0
2017-04-28,Materials,0.004382786676530808,642285215488720.0
2017-04-28,Real Estate,0.008177139168333254,573822351010890.0
2017-04-28,Utilities,0.00852034867633732,685803951760000.0
2017-05-31,Communication Services,0.02729069705910753,1835062480633860.0
2017-05-31,Consumer Discretionary,0.03672109676074171,1806279122930820.0
2017-05-31,Consumer Staples,0.03278390270581006,2104063698934070.0
2017-05-31,Energy,-0.031105581097754225,1138296444538980.0
2017-05-31,Financials,-0.001136529011868284,2960942838387130.0
2017-05-31,Health Care,0.01673786661180657,2633894887101260.0
2017-05-31,Industrials,0.016073672455236693,2056754207759880.0
2017-05-31,Information Technology,0.04832912436763476,3403455394858730.0
2017-05-31,Materials,-0.00922319369714103,635380241235030.0
2017-05-31,Real Estate,0.01958590599142735,581801543835910.0
2017-05-31,Utilities,0.0412167183903174,716740333780000.0
2017-06-30,Communication Services,-0.04534582120448568,1746342122793770.0
2017-06-30,Consumer Discretionary,-0.0017358714663979961,1796121116765340.0
2017-06-30,Consumer Staples,-0.028066385108740138,2042587146471960.0
2017-06-30,Energy,0.006565996185218897,1143335843000000.0
2017-06-30,Financials,0.05894834942317669,3127222890702650.0
2017-06-30,Health Care,0.04298310763806164,2739158313572020.0
2017-06-30,Industrials,0.016006945783349182,2080156861563490.0
2017-06-30,Information Technology,-0.022176838458881677,3310654483907690.5
2017-06-30,Materials,0.024716591776975952,648288983588720.0
2017-06-30,Real Estate,0.014308704645570013,586960561230560.0
2017-06-30,Utilities,-0.02473734045796184,696997209050000.0
2017-07-31,Communication Services,0.0534181947840572,1828325092180000.0
2017-07-31,Consumer Discretionary,-0.00283030201473873,1782762160207150.0
2017-07-31,Consumer Staples,0.013975102127566131,2051299721790610.0
2017-07-31,Energy,0.031085517666751515,1193040216478980.0
2017-07-31,Financials,0.02304936327210339,3171415584538770.0
2017-07-31,Health Care,0.00570301615293899,2745125827507440.0
2017-07-31,Industrials,0.009972700421901154,2078983775447620.0
2017-07-31,Information Technology,0.03530431773853909,3415693256751690.0
2017-07-31,Materials,0.023930830098401447,660305677338220.0
2017-07-31,Real Estate,0.013808197801449816,603284475462000.0
2017-07-31,Utilities,0.02656223859099813,717420877580000.0
2017-08-31,Communication Services,-0.006929401332127988,1810597469650570.0
2017-08-31,Consumer Discretionary,0.004170810295989971,1779012690311610.0
2017-08-31,Consumer Staples,-0.010058312738838521,2014093431819040.0
2017-08-31,Energy,-0.040430390627807185,1135983666880000.0
2017-08-31,Financials,-0.010869430735455137,3134830416077390.0
2017-08-31,Health Care,0.02293030536397537,2796388946578960.0
2017-08-31,Industrials,0.0007413856476631978,2069590878814230.0
2017-08-31,Information Technology,0.043361471403423,3547741152075940.0
2017-08-31,Materials,0.013849738609103893,668241121224060.0
2017-08-31,Real Estate,0.02949805661418123,619177053498350.0
2017-08-31,Utilities,0.03448167946067939,738494734867660.0
2017-09-29,Communication Services,0.003408775423092108,1810928031870790.0
2017-09-29,Consumer Discretionary,0.02335331914073033,1817905441683370.0
2017-09-29,Consumer Staples,-0.005246597045842218,1994348891330270.0
2017-09-29,Energy,0.0880107930971421,1232012397058980.0
2017-09-29,Financials,0.053152871841430624,3295394474235890.0
2017-09-29,Health Care,0.01629319678532473,2829558270774740.0
2017-09-29,Industrials,0.04646251818555634,2155713787576110.0
2017-09-29,Information Technology,0.004287390166737462,3538440424315110.0
2017-09-29,Materials,0.04225940097776439,372276255904100.0
2017-09-29,Real Estate,-0.01722396386184242,610002819557570.0
2017-09-29,Utilities,-0.024314036215292826,718235436500000.0
2017-10-31,Communication Services,-0.0026901958043855905,1790874531034740.0
2017-10-31,Consumer Discretionary,0.0551733231718583,1916252482033100.0
2017-10-31,Consumer Staples,0.005403642329524907,2000489350490000.0
2017-10-31,Energy,-0.007926494510600499,1216758357460000.0
2017-10-31,Financials,0.03625738028104552,3388889905515190.0
2017-10-31,Health Care,0.005288559955998487,2825986884733200.0
2017-10-31,Industrials,0.012353156843661771,2166221307550360.0
2017-10-31,Information Technology,0.09160943216085375,3852126909842100.0
2017-10-31,Materials,0.040552272816599746,386250794943690.0
2017-10-31,Real Estate,0.02128867200755975,622215625664670.0
2017-10-31,Utilities,0.035245779627641895,740625127203980.0
2017-11-30,Communication Services,0.033751457431124024,1843137215100690.0
2017-11-30,Consumer Discretionary,0.06012169884549856,2017429796152240.0
2017-11-30,Consumer Staples,0.061285467473248555,2112151011885420.0
2017-11-30,Energy,0.01645038338458721,1239854513528390.0
2017-11-30,Financials,0.034088550561016284,3477817944325050.0
2017-11-30,Health Care,0.0328880202909621,2927212297568520.0
2017-11-30,Industrials,0.04126540174751568,2242103894811420.0
2017-11-30,Information Technology,0.019908589164272742,3905440496346380.0
2017-11-30,Materials,0.015390858008590975,391316497273920.0
2017-11-30,Real Estate,0.0255335208235426,641313771264940.0
2017-11-30,Utilities,0.02510533497839138,755969892876020.0
2017-12-29,Communication Services,0.037219347206272894,1908145718435090.0
2017-12-29,Consumer Discretionary,0.017775784208031734,2068089087078430.0
2017-12-29,Consumer Staples,0.023722614829586187,2153439520722100.0
2017-12-29,Energy,0.04512330959400037,1292218687650000.0
2017-12-29,Financials,0.017935535073073824,3531628839630670.0
2017-12-29,Health Care,-0.00948045240371577,2901247524678720.0
2017-12-29,Industrials,0.021925240574283546,2282487774622720.0
2017-12-29,Information Technology,-0.0029656060245808165,3879623623387050.0
2017-12-29,Materials,0.05437392038120942,408808215157400.0
2017-12-29,Real Estate,-0.0024996872480227503,636242686899590.0
2017-12-29,Utilities,-0.06217224627097726,705182113830000.0
2018-01-31,Communication Services,0.09103913155142587,2061923235795090.0
2018-01-31,Consumer Discretionary,0.1128526536669221,2286100618229680.0
2018-01-31,Consumer Staples,0.024760574213157322,2186947211658180.0
2018-01-31,Energy,0.039798496255794846,1343355721831610.0
2018-01-31,Financials,0.07113565322677597,3757152378714530.0
2018-01-31,Health Care,0.07468457113290393,3103807105282810.0
2018-01-31,Industrials,0.05368030356729577,2393912823995780.0
2018-01-31,Information Technology,0.0728049571199823,4142708613042620.0
2018-01-31,Materials,0.038230201090799165,424667021522880.0
2018-01-31,Real Estate,-0.010280994003628635,628619953987640.0
2018-01-31,Utilities,-0.029302380936443388,685781652960000.0
2018-02-28,Communication Services,-0.058382345318818515,1934415287334950.0
2018-02-28,Consumer Discretionary,-0.01912230409724218,2320313490606560.0
2018-02-28,Consumer Staples,-0.0802391239285076,2000479846931170.0
2018-02-28,Energy,-0.10520977433749298,1187708022736780.0
2018-02-28,Financials,-0.02342644605615543,3642331765646760.0
2018-02-28,Health Care,-0.039913042482078116,2959897152048660.0
2018-02-28,Industrials,-0.037497097742882464,2286014313467520.0
2018-02-28,Information Technology,0.02010733384682964,4196705652833620.0
2018-02-28,Materials,-0.05180579266976951,401188686042640.0
2018-02-28,Real Estate,-0.06175050393699721,618631404468990.0
2018-02-28,Utilities,-0.037558251800633886,656400303632060.0
2018-03-29,Communication Services,-0.03541049246122004,1876608182057210.0
2018-03-29,Consumer Discretionary,-0.02287592605179574,2254828065984580.0
2018-03-29,Consumer Staples,-0.007898447026610775,1981166309089500.0
2018-03-29,Energy,0.010947260768973129,1196842454848390.0
2018-03-29,Financials,-0.0399496130927542,3476968417128680.0
2018-03-29,Health Care,-0.028029722358074587,2854043428130830.0
2018-03-29,Industrials,-0.022046104746008575,2227276531943280.0
2018-03-29,Information Technology,-0.0262487688898717,4050019357254240.0
2018-03-29,Materials,-0.021910810132982034,390219516853480.0
2018-03-29,Real Estate,0.03846403593009766,653758997381940.0
2018-03-29,Utilities,0.04177880962701644,683617902010000.0
2018-04-30,Communication Services,-0.015618864845480982,1823295924129860.0
2018-04-30,Consumer Discretionary,0.042315005278811726,2334492360377720.0
2018-04-30,Consumer Staples,-0.03800131031136511,1893170535364800.0
2018-04-30,Energy,0.0869272614954964,1294365406610000.0
2018-04-30,Financials,0.0035545729241814638,3473679463020510.0
2018-04-30,Health Care,0.019319281856877937,2892023422453760.0
2018-04-30,Industrials,-0.020317591436352474,2166539859395260.0
2018-04-30,Information Technology,-0.007993409300020212,3994199638006619.5
2018-04-30,Materials,-0.006473290499125298,386191161418940.0
2018-04-30,Real Estate,-0.010162556826894136,648735290134580.0
2018-04-30,Utilities,0.024152231988810502,702252806920000.0
2018-05-31,Communication Services,0.03131518040655595,1872513474042040.0
2018-05-31,Consumer Discretionary,0.02853158731520732,2390126792533920.0
2018-05-31,Consumer Staples,-0.019095185756084307,1847080266398880.0
2018-05-31,Energy,0.04039372731121613,1337737871178050.0
2018-05-31,Financials,0.004696243587573013,3471770058675940.0
2018-05-31,Health Care,0.012759090316168661,2913415995581320.0
2018-05-31,Industrials,0.03662940170147793,2228162261529890.0
2018-05-31,Information Technology,0.07858759564813944,4290372326585400.0
2018-05-31,Materials,0.0314869912133532,396538937960000.0
2018-05-31,Real Estate,0.024166387754610306,660799409104350.0
2018-05-31,Utilities,-0.009806404745459237,691540258260000.0
2018-06-29,Communication Services,0.05711688135571003,2013204470556280.0
2018-06-29,Consumer Discretionary,0.020710143015649315,2426334377820110.0
2018-06-29,Consumer Staples,0.050576612026113646,1930093901970000.0
2018-06-29,Energy,0.014287560457425939,1352145407610100.0
2018-06-29,Financials,-0.00812554864320376,3434635155360010.0
2018-06-29,Health Care,0.016716501618476837,2948895085764120.0
2018-06-29,Industrials,-0.027982310975151633,2156953613010810.0
2018-06-29,Information Technology,-0.015097294486436796,4189253385720960.0
2018-06-29,Materials,0.0027493654847563407,395137595605460.0
2018-06-29,Real Estate,0.047019688540473954,687324106895540.0
2018-06-29,Utilities,0.024804130028275806,723195530270000.0
2018-07-31,Communication Services,0.03931499050590084,2070603246017350.0
2018-07-31,Consumer Discretionary,0.019901994974637887,2467197362055970.0
2018-07-31,Consumer Staples,0.03843171410122803,2065949201815420.0
2018-07-31,Energy,0.012354912069969455,1363691624106100.0
2018-07-31,Financials,0.047688602076422344,3574135326009810.0
2018-07-31,Health Care,0.07027029494186679,3143020317447660.0
2018-07-31,Industrials,0.07338107953205165,2293545296380990.0
2018-07-31,Information Technology,0.03320556843165656,4304889869750390.0
2018-07-31,Materials,0.02165279966839822,401986393794470.0
2018-07-31,Real Estate,0.011887776187046714,696530899567600.0
2018-07-31,Utilities,0.017623107598218876,737140162893950.0
2018-08-31,Communication Services,0.020935624976353925,2110229028119500.0
2018-08-31,Consumer Discretionary,0.06971370745367386,2615816218880500.0
2018-08-31,Consumer Staples,0.013697311375236363,2079410957650000.0
2018-08-31,Energy,-0.024758069468933462,1331076782162120.0
2018-08-31,Financials,0.02404414987331322,3632729453633150.0
2018-08-31,Health Care,0.04810014802322371,3271457004419960.0
2018-08-31,Industrials,0.012974182353935413,2308912846657720.0
2018-08-31,Information Technology,0.0948424899552916,4661074292070380.0
2018-08-31,Materials,0.0013100202356063377,398904403853000.0
2018-08-31,Real Estate,0.025110765653372502,717134448965380.0
2018-08-31,Utilities,0.015359413171041085,741544888766050.0
2018-09-28,Communication Services,0.006640647661549326,2118260030329010.0
2018-09-28,Consumer Discretionary,0.0051867666170988674,2609005445402280.0
2018-09-28,Consumer Staples,0.008897143493999938,2082955268049560.0
2018-09-28,Energy,0.026177965073288033,1360978386450000.0
2018-09-28,Financials,-0.01784689243904961,3554897863486790.0
2018-09-28,Health Care,0.0319743483056184,3366581811639650.0
2018-09-28,Industrials,0.022619070675360592,2349082265125730.0
2018-09-28,Information Technology,0.007286784342404438,4641300839912890.0
2018-09-28,Materials,0.0008043244757728284,398642144926190.0
2018-09-28,Real Estate,-0.024022484699582215,696495390502210.0
2018-09-28,Utilities,-0.004343678748248959,737789525896050.0
2018-10-31,Communication Services,-0.04582945336946389,2000941184703460.0
2018-10-31,Consumer Discretionary,-0.1061761882448681,2306433336937880.0
2018-10-31,Consumer Staples,0.03215005134613603,2131632709046030.0
2018-10-31,Energy,-0.10081479035096184,1233196585890000.0
2018-10-31,Financials,-0.051487452894217814,3331638832254980.0
2018-10-31,Health Care,-0.0571862610161859,3151412366959610.0
2018-10-31,Industrials,-0.10262439011248667,2084918681961620.0
2018-10-31,Information Technology,-0.07979111132923457,4233650871955330.0
2018-10-31,Materials,-0.06381685257719422,458792290973680.0
2018-10-31,Real Estate,-0.014987583556604282,684739968060300.0
2018-10-31,Utilities,0.017600296766177793,752446638870000.0
2018-11-30,Communication Services,0.017549048483393746,2033921388009350.0
2018-11-30,Consumer Discretionary,0.03843847260483209,2375354826269140.0
2018-11-30,Consumer Staples,0.01720129218088479,2151480306928620.0
2018-11-30,Energy,-0.009013389075302938,1199618337030000.0
2018-11-30,Financials,0.02337284373883925,3383791571997140.0
2018-11-30,Health Care,0.07697489984108974,3390119406637960.0
2018-11-30,Industrials,0.047824047073929815,2163264679200500.0
2018-11-30,Information Technology,-0.010007715681141149,4124925862537720.0
2018-11-30,Materials,0.022026360170666958,464572825194990.0
2018-11-30,Real Estate,0.05447602762742885,718007674728320.0
2018-11-30,Utilities,0.03561992826927298,764816014449450.0
2018-12-31,Communication Services,-0.06820626821685721,1889848353843540.0
2018-12-31,Consumer Discretionary,-0.08011620422945279,2174194244442890.0
2018-12-31,Consumer Staples,-0.07983385720635337,1962581479232950.0
2018-12-31,Energy,-0.11720963476763774,1055054163790000.0
2018-12-31,Financials,-0.1035023224559494,3020305411253430.0
2018-12-31,Health Care,-0.08250289431998337,3128621603743660.0
2018-12-31,Industrials,-0.10179789518781966,1930144312182380.0
2018-12-31,Information Technology,-0.08477075927200493,3750477087098410.0
2018-12-31,Materials,-0.05921162650068021,433315625111920.0
2018-12-31,Real Estate,-0.06887033381228591,663709314133610.0
2018-12-31,Utilities,-0.040776888137255746,730981057089450.0
2019-01-31,Communication Services,0.07903274769513713,2025677009520060.0
2019-01-31,Consumer Discretionary,0.10701903965417854,2398780098453200.0
2019-01-31,Consumer Staples,0.05539930237505236,2063892320125000.0
2019-01-31,Energy,0.11841044839343866,1173723560496780.0
2019-01-31,Financials,0.09491802531991488,3269560077462950.0
2019-01-31,Health Care,0.047605441078018645,3255138952243430.0
2019-01-31,Industrials,0.11591520264605022,2139364676355770.0
2019-01-31,Information Technology,0.07762110675720736,4028910119505530.0
2019-01-31,Materials,0.06755485169248183,460977163206070.0
2019-01-31,Real Estate,0.10658784155709743,734152570008340.0
2019-01-31,Utilities,0.04070520647120489,763589251230000.0
2019-02-28,Communication Services,0.023164102860688096,2071068792765630.0
2019-02-28,Consumer Discretionary,0.009954876883993751,2407177968047510.0
2019-02-28,Consumer Staples,0.018542945261262538,2091699819900420.0
2019-02-28,Energy,0.035034021247375466,1208512014130000.0
2019-02-28,Financials,0.041414361183793394,3372943871021950.0
2019-02-28,Health Care,0.018929070910739594,3270630280726580.0
2019-02-28,Industrials,0.06610079108597354,2255259119149680.0
2019-02-28,Information Technology,0.06971339224798467,4280054484219240.0
2019-02-28,Materials,0.04072839442154193,474649439621420.0
2019-02-28,Real Estate,0.017657638018793206,746753358633640.0
2019-02-28,Utilities,0.047457995126025415,796783901600000.0
2019-03-29,Communication Services,0.02266378152250121,2079019828113100.0
2019-03-29,Consumer Discretionary,0.04231412670327617,2487819805575540.0
2019-03-29,Consumer Staples,0.04155698584909694,2150641778916640.0
2019-03-29,Energy,0.02349752016025616,1233883828495120.0
2019-03-29,Financials,-0.0074314486664557484,3333465182667660.0
2019-03-29,Health Care,0.004522330172148904,3267320995977110.0
2019-03-29,Industrials,-0.006779586395882218,2228541627432290.0
2019-03-29,Information Technology,0.04909368356767655,4477992352983500.0
2019-03-29,Materials,0.013699225156671616,477119250016070.06
2019-03-29,Real Estate,0.05472338690534609,786031933984460.0
2019-03-29,Utilities,0.028990549491039713,819218345871680.0
2019-04-30,Communication Services,0.04896687484322442,2163436692889480.0
2019-04-30,Consumer Discretionary,0.06189125426047195,2633263421573810.0
2019-04-30,Consumer Staples,0.029522724486429817,2204265266245000.0
2019-04-30,Energy,-0.011745748567201968,1215060893862680.0
2019-04-30,Financials,0.08817993316483114,3596924852465570.0
2019-04-30,Health Care,-0.025355424234446942,3171051244281680.0
2019-04-30,Industrials,0.043754715608057645,2311664262642250.0
2019-04-30,Information Technology,0.07429507605204318,4750715662813870.0
2019-04-30,Materials,0.023157325322567826,583320184205060.0
2019-04-30,Real Estate,-0.0014662610509864385,787505934786190.0
2019-04-30,Utilities,0.017400257644689606,832819406670000.0
2019-05-31,Communication Services,-0.04767682541187417,2057998338308930.0
2019-05-31,Consumer Discretionary,-0.07276849889468887,2428158785372720.0
2019-05-31,Consumer Staples,-0.032137679341711134,2132868000772510.0
2019-05-31,Energy,-0.09674135485578937,1084049971917560.0
2019-05-31,Financials,-0.05115462672898338,3388823563651930.0
2019-05-31,Health Care,-0.01837707476782585,3087990056879880.0
2019-05-31,Industrials,-0.06656250851974431,2204506206513810.0
2019-05-31,Information Technology,-0.09645051332433902,4258872319313710.0
2019-05-31,Materials,-0.06644296014056492,537816766253160.06
2019-05-31,Real Estate,0.017832902946607315,795638190560100.0
2019-05-31,Utilities,-0.013043676853508875,815433861599350.0
2019-06-28,Communication Services,0.0315186463457117,2118545295179810.0
2019-06-28,Consumer Discretionary,0.08079739803846955,2615183664279140.0
2019-06-28,Consumer Staples,0.0561219931153762,2240488758700390.0
2019-06-28,Energy,0.09406392865725982,1181568278542440.0
2019-06-28,Financials,0.06728706759970762,3609100360910610.0
2019-06-28,Health Care,0.064785710965643,3270215748593750.0
2019-06-28,Industrials,0.08282717313718506,2378881906427250.0
2019-06-28,Information Technology,0.09979236454848049,4647867026297890.0
2019-06-28,Materials,0.06193255668677385,748898128063160.0
2019-06-28,Real Estate,0.02229934066861908,810045843752890.0
2019-06-28,Utilities,0.04154749317265911,845756597020000.0
2019-07-31,Communication Services,0.04825661376532474,2200193701685310.0
2019-07-31,Consumer Discretionary,0.012464176350460755,2639686902674980.0
2019-07-31,Consumer Staples,0.02104379680068738,2279318575667980.0
2019-07-31,Energy,-0.01439270810512712,1159184149087560.0
2019-07-31,Financials,0.03129004686224789,3723174289018940.0
2019-07-31,Health Care,-0.00932000937525185,3221684574273950.0
2019-07-31,Industrials,0.0056499162701678166,2416104040065360.0
2019-07-31,Information Technology,0.03740084478456251,4802248969649650.0
2019-07-31,Materials,-0.004549065047391656,739440273304660.0
2019-07-31,Real Estate,0.020667043185742372,828493629175000.0
2019-07-31,Utilities,-0.006821526904672826,840707338255870.0
2019-08-30,Communication Services,-0.0053564691927332885,2184496597075270.0
2019-08-30,Consumer Discretionary,-0.015079495004276392,2583195013028860.0
2019-08-30,Consumer Staples,0.030072894774650645,2331007119190830.0
2019-08-30,Energy,-0.06886132431165172,1072981617185120.0
2019-08-30,Financials,-0.029966355009822022,3587287189575170.0
2019-08-30,Health Care,0.004226351454103549,3212213942986790.0
2019-08-30,Industrials,-0.02264217201733057,2337656446261780.0
2019-08-30,Information Technology,-0.019524724212176672,4697920921634360.0
2019-08-30,Materials,-0.03590085271755075,705850273810000.0
2019-08-30,Real Estate,0.05490791493508067,868666052434350.0
2019-08-30,Utilities,0.04813542020425024,873630945500000.0
2019-09-30,Communication Services,0.015029052144873524,2207557715125030.0
2019-09-30,Consumer Discretionary,0.005162732808859753,2584228161916190.0
2019-09-30,Consumer Staples,0.020360120385898028,2353452096362750.0
2019-09-30,Energy,0.04003406392598252,1111035710307560.0
2019-09-30,Financials,0.027613448721668488,3693335677896630.0
2019-09-30,Health Care,-0.0021061760374682117,3191627887044310.0
2019-09-30,Industrials,0.023045815274078424,2382538882880900.0
2019-09-30,Information Technology,0.0288638687970337,4794262517681650.0
2019-09-30,Materials,0.044136858639535384,733157831799750.0
2019-09-30,Real Estate,0.005972247582122711,868097236380380.0
2019-09-30,Utilities,0.04255657091104366,910779416710530.0
2019-10-31,Communication Services,0.029500873039196025,2261796104398090.0
2019-10-31,Consumer Discretionary,0.014871759410890511,2610097233841360.0
2019-10-31,Consumer Staples,0.0013092871541724362,2349825806536570.0
2019-10-31,Energy,-0.018567511723619548,1097942675792680.0
2019-10-31,Financials,0.028279542822505797,3750981229367810.0
2019-10-31,Health Care,0.056037784989418804,3347245422857760.0
2019-10-31,Industrials,0.010761009600478212,2389986166570840.0
2019-10-31,Information Technology,0.04508503093011942,4986645784750310.0
2019-10-31,Materials,-0.00013473063957519424,730052110352970.0
2019-10-31,Real Estate,-0.001996940700571156,865122247981880.0
2019-10-31,Utilities,-0.008621018347109266,901186847854490.0
2019-11-29,Communication Services,0.032138842559313104,2326864335066920.0
2019-11-29,Consumer Discretionary,0.017061029837994287,2641777290709190.0
2019-11-29,Consumer Staples,0.01879653799907483,2384580777076580.0
2019-11-29,Energy,0.017613253035793894,1105397572304880.0
2019-11-29,Financials,0.05120664500900043,3913737517378840.0
2019-11-29,Health Care,0.056560802361025474,3556669349848200.0
2019-11-29,Industrials,0.04541040939154608,2484740134079370.0
2019-11-29,Information Technology,0.05787569278440587,5257512330723900.0
2019-11-29,Materials,0.0353299035027451,750618216876750.0
2019-11-29,Real Estate,-0.012849332977124877,851423285088070.0
2019-11-29,Utilities,-0.015013763722425027,884142081257760.0
2019-12-31,Communication Services,0.01959923308749963,2365551501777910.0
2019-12-31,Consumer Discretionary,0.03634413006210228,2728167736163850.0
2019-12-31,Consumer Staples,0.019752858168267086,2428822485734970.0
2019-12-31,Energy,0.057903408575518324,1164073308227320.0
2019-12-31,Financials,0.024550743200071688,4074357259476380.0
2019-12-31,Health Care,0.03776229721884515,3678253133073830.0
2019-12-31,Industrials,-0.00014203057982593162,2485455310650850.0
2019-12-31,Information Technology,0.05390316240849074,5506252523000610.0
2019-12-31,Materials,0.031224304518530796,771103760407580.0
2019-12-31,Real Estate,0.01680896395750539,859375611232780.0
2019-12-31,Utilities,0.038034465576914825,912822499350000.0
2020-01-31,Communication Services,0.0217734041607978,2400614304706770.0
2020-01-31,Consumer Discretionary,0.04698611533308007,2818912638075690.0
2020-01-31,Consumer Staples,-0.002698884718190502,2398882128560480.0
2020-01-31,Energy,-0.09633098428763526,1045373800235120.0
2020-01-31,Financials,-0.0007113391938926713,4027216700876420.0
2020-01-31,Health Care,-0.02051420850599562,3604332369496890.0
2020-01-31,Industrials,0.006756404782619775,2485652505621160.0
2020-01-31,Information Technology,0.04121605054222754,5714166877058590.0
2020-01-31,Materials,-0.07306680716674338,709202398943710.0
2020-01-31,Real Estate,0.022041348543837554,879262660123110.0
2020-01-31,Utilities,0.07242680574440949,976135988437760.0
2020-02-28,Communication Services,-0.05280963564774767,2259451786880560.0
2020-02-28,Consumer Discretionary,-0.06733046451119963,2614207513949840.0
2020-02-28,Consumer Staples,-0.07398378121196045,2223032021350770.0
2020-02-28,Energy,-0.1373337779418227,889159327102440.0
2020-02-28,Financials,-0.10434781730274827,3567017765334690.0
2020-02-28,Health Care,-0.060308415292451525,3354902686116390.0
2020-02-28,Industrials,-0.08447274234034462,2260892578999550.0
2020-02-28,Information Technology,-0.06946139118566089,5285553493711090.0
2020-02-28,Materials,-0.08874720526854843,641574590658240.0
2020-02-28,Real Estate,-0.05475301315604699,838748654975120.0
2020-02-28,Utilities,-0.09540045043956913,882094012260340.0
2020-03-31,Communication Services,-0.10849714729409952,1997846136048730.0
2020-03-31,Consumer Discretionary,-0.09997223974093213,2273430540054700.0
2020-03-31,Consumer Staples,-0.039750171288134316,2105061842855840.0
2020-03-31,Energy,-0.31318899535066835,575322031417560.0
2020-03-31,Financials,-0.1914292851528483,2836231294229210.0
2020-03-31,Health Care,-0.0286573494318351,3227542562243840.0
2020-03-31,Industrials,-0.16209733595583214,1864560203557610.0
2020-03-31,Information Technology,-0.07369730978474306,4850895240969870.0
2020-03-31,Materials,-0.14484992268954502,540330852131960.0
2020-03-31,Real Estate,-0.09903933032931021,725292298090530.0
2020-03-31,Utilities,-0.1008651751434242,786715638630000.0
2020-04-30,Communication Services,0.11535507050328386,2286558200114980.0
2020-04-30,Consumer Discretionary,0.23338297848900064,2783272655787000.0
2020-04-30,Consumer Staples,0.07759941054139774,2252701399190480.0
2020-04-30,Energy,0.31040607592492814,740331229715120.0
2020-04-30,Financials,0.12029655751962726,3153265629773730.0
2020-04-30,Health Care,0.13370678925112006,3636976226219260.0
2020-04-30,Industrials,0.09700296332308701,2158748308929060.0
2020-04-30,Information Technology,0.1403411550587988,5526911664123510.0
2020-04-30,Materials,0.1832507541172788,631262910661820.0
2020-04-30,Real Estate,0.09666392620043347,793068382592400.0
2020-04-30,Utilities,0.03866076964773942,815192709670000.0
2020-05-29,Communication Services,0.05873479251486606,2415504459295520.0
2020-05-29,Consumer Discretionary,0.05423872520953335,2916502804580910.0
2020-05-29,Consumer Staples,0.027248164007601657,2305646847470740.0
2020-05-29,Energy,0.034650099602841884,752701238017560.0
2020-05-29,Financials,0.06348214716648232,3323164086776820.0
2020-05-29,Health Care,0.03633733218222632,3774925920348890.0
2020-05-29,Industrials,0.05893121459078592,2269919811972700.0
2020-05-29,Information Technology,0.07096766072512761,5888509198555790.0
2020-05-29,Materials,0.07503134841846508,674141337705450.0
2020-05-29,Real Estate,0.03530270822196236,820433693283510.0
2020-05-29,Utilities,0.04630630349350503,849270289710000.0
2020-06-30,Communication Services,-0.004263703862953267,2397624845075950.0
2020-06-30,Consumer Discretionary,0.07668424159163804,3123598953869720.0
2020-06-30,Consumer Staples,-0.005227839803071477,2283720212485390.0
2020-06-30,Energy,-0.010894719770713277,741936625170000.0
2020-06-30,Financials,0.00840346434945224,3336431967836770.0
2020-06-30,Health Care,-0.019155606343585273,3687364875309190.0
2020-06-30,Industrials,0.019935668490021128,2298981369332580.0
2020-06-30,Information Technology,0.08730754166145456,6350022556213420.0
2020-06-30,Materials,0.028172151155024576,688041777154960.0
2020-06-30,Real Estate,0.013805592443765715,830075737574430.0
2020-06-30,Utilities,-0.04800730759023818,805175584490000.0
2020-07-31,Communication Services,0.05320125964715512,2535107537831210.0
2020-07-31,Consumer Discretionary,0.11591951965743147,3463421597234150.0
2020-07-31,Consumer Staples,0.06801462093011637,2432789220839140.0
2020-07-31,Energy,-0.05306033948368403,698189205312440.0
2020-07-31,Financials,0.035206195940948565,3437774184941180.0
2020-07-31,Health Care,0.06444732848325145,3895014526751930.0
2020-07-31,Industrials,0.0477835205531265,2387015695947500.0
2020-07-31,Information Technology,0.07648104506451228,6771219491687170.0
2020-07-31,Materials,0.06949205802149566,731767965356310.0
2020-07-31,Real Estate,0.048084034974205755,865826899768640.0
2020-07-31,Utilities,0.08117389448470204,892969779766480.0
2020-08-31,Communication Services,0.07774473848729639,2729134690446690.0
2020-08-31,Consumer Discretionary,0.17409825876436807,3969324758340330.0
2020-08-31,Consumer Staples,0.05267741684208376,2552864589110240.0
2020-08-31,Energy,-0.009051580406541918,682962263327320.0
2020-08-31,Financials,0.052396228327785545,3603286064913160.0
2020-08-31,Health Care,0.02804262808538821,3990762712587160.0
2020-08-31,Industrials,0.08911685186960736,2587617611690140.0
2020-08-31,Information Technology,0.13650032555983746,7624059947387960.0
2020-08-31,Materials,0.04825877460340036,763140737022040.0
2020-08-31,Real Estate,0.000647787639859272,869727827542970.0
2020-08-31,Utilities,-0.023287038058035427,866376241436480.0
2020-09-30,Communication Services,-0.050140853547344905,2581213804250070.0
2020-09-30,Consumer Discretionary,-0.052231504220676725,3754997626572050.0
2020-09-30,Consumer Staples,-0.011918370386244555,2511628947599690.0
2020-09-30,Energy,-0.1381305204359819,586146719510000.0
2020-09-30,Financials,-0.0384003097802064,3456210092093550.0
2020-09-30,Health Care,-0.017053403159476996,3909945091976350.0
2020-09-30,Industrials,-0.0006542276364922869,2578419858702230.0
2020-09-30,Information Technology,-0.05301419565307545,7180962853149230.0
2020-09-30,Materials,0.013490535591203398,769786523026080.0
2020-09-30,Real Estate,-0.01200453815077733,853999972706560.0
2020-09-30,Utilities,0.012606339051010303,873319567060000.0
2020-10-30,Communication Services,0.015470224904368883,2598629512173030.0
2020-10-30,Consumer Discretionary,-0.03534494445215068,3615164914068080.0
2020-10-30,Consumer Staples,-0.02263944524599326,2446766505435050.0
2020-10-30,Energy,-0.03064528540662418,568335949400000.0
2020-10-30,Financials,-0.029135424388423623,3354722737900300.0
2020-10-30,Health Care,-0.032691984340824536,3758423217490370.0
2020-10-30,Industrials,-0.003646592504685003,2550981262926960.0
2020-10-30,Information Technology,-0.04200724168435863,6871173559350780.0
2020-10-30,Materials,-0.00816479732683341,759906464637300.0
2020-10-30,Real Estate,-0.033941059431829575,822762947890700.0
2020-10-30,Utilities,0.04869412728562025,915567231247960.0
2020-11-30,Communication Services,0.11850755402015656,2896400049948170.0
2020-11-30,Consumer Discretionary,0.13984989663218725,4051599366612640.0
2020-11-30,Consumer Staples,0.08414583855059933,2642630381388800.0
2020-11-30,Energy,0.28157545651912685,715367537084880.0
2020-11-30,Financials,0.175678982663421,3924895248566040.0
2020-11-30,Health Care,0.10202718952526499,4093332103266020.0
2020-11-30,Industrials,0.17091977085273918,2953038901142560.0
2020-11-30,Information Technology,0.12196061592453658,7641040800479270.0
2020-11-30,Materials,0.1408916719067034,857262697219280.0
2020-11-30,Real Estate,0.079294449053255,882512304195170.0
2020-11-30,Utilities,0.02692437004495737,929277798200000.0
2020-12-31,Communication Services,0.040068691251302954,2992963001252530.0
2020-12-31,Consumer Discretionary,0.061519329602273846,4343218563665590.0
2020-12-31,Consumer Staples,0.01261993239558521,2665260775077140.0
2020-12-31,Energy,0.0418425535497089,741202227890000.0
2020-12-31,Financials,0.06723222247153769,4175718433934100.0
2020-12-31,Health Care,0.03545290478826213,4213978005167180.0
2020-12-31,Industrials,0.01431041644406691,2993670264465130.0
2020-12-31,Information Technology,0.06452565431009247,8083966117132180.0
2020-12-31,Materials,0.03626552577331806,884797696293820.0
2020-12-31,Real Estate,0.011131417916421905,885151659047250.0
2020-12-31,Utilities,0.007973014810380843,933904130300000.0
2021-01-29,Communication Services,-0.009439536422426899,2948177378116020.0
2021-01-29,Consumer Discretionary,0.01710144824140157,4388479701027170.0
2021-01-29,Consumer Staples,-0.04207061783510659,2537391050239900.0
2021-01-29,Energy,0.04238084532188582,786085773892440.0
2021-01-29,Financials,-0.03506209791934731,4007471244101220.0
2021-01-29,Health Care,0.031054208716276753,4299279854655600.0
2021-01-29,Industrials,-0.04020757311307018,2870836728486390.0
2021-01-29,Information Technology,0.008417762416611217,8126465887418670.0
2021-01-29,Materials,-0.010405557973462976,872031357679570.0
2021-01-29,Real Estate,0.004255265022212392,890517523563190.0
2021-01-29,Utilities,-0.011077724186405805,923281547460000.0
2021-02-26,Communication Services,0.06258427481481185,3121066876352890.0
2021-02-26,Consumer Discretionary,-0.002410136627485727,4328774826341860.0
2021-02-26,Consumer Staples,-0.01416350828314301,2479712176567140.0
2021-02-26,Energy,0.21882974296171892,948221374360240.0
2021-02-26,Financials,0.12135430772835436,4471550857587510.0
2021-02-26,Health Care,-0.018142521083431933,4197359087513910.0
2021-02-26,Industrials,0.070642824500024,3057972247746880.0
2021-02-26,Information Technology,0.0036228858389637706,8093880425938050.0
2021-02-26,Materials,0.05564552968397126,893388668600920.0
2021-02-26,Real Estate,0.01834537837624053,898130552992790.0
2021-02-26,Utilities,-0.06121208676347193,865018287310000.0
2021-03-31,Communication Services,0.01899367712480195,3168917857455420.0
2021-03-31,Consumer Discretionary,0.03173835078158409,4445623337154410.0
2021-03-31,Consumer Staples,0.08301312702106037,2678766955061420.0
2021-03-31,Energy,0.04323013820797584,986156312667800.0
2021-03-31,Financials,0.04282842388909209,4649079081129330.0
2021-03-31,Health Care,0.040053951723249,4340025808582120.0
2021-03-31,Industrials,0.08625585746513051,3311269692084930.0
2021-03-31,Information Technology,0.021785576630920928,8240627218771800.0
2021-03-31,Materials,0.08154161630785393,958600516834450.0
2021-03-31,Real Estate,0.06858217497212148,955426809755710.0
2021-03-31,Utilities,0.1068551162300305,955778428760000.0
2021-04-30,Communication Services,0.08568224150416487,3418167717414170.0
2021-04-30,Consumer Discretionary,0.07563774491382148,4779392936047120.0
2021-04-30,Consumer Staples,0.026422705694043147,2727341240676250.0
2021-04-30,Energy,0.011581283428263625,994399219975120.0
2021-04-30,Financials,0.07146820127231959,5003692272369330.0
2021-04-30,Health Care,0.0487203821693053,4526523849132980.0
2021-04-30,Industrials,0.03478317723668166,3410508780196890.0
2021-04-30,Information Technology,0.05286898245065448,8652684597108040.0
2021-04-30,Materials,0.048016627613925084,1002614644449760.0
2021-04-30,Real Estate,0.08451018159841409,1037017230695900.0
2021-04-30,Utilities,0.039102965073151315,992419841722280.1
2021-05-28,Communication Services,0.0005335402669348886,3416209819898250.0
2021-05-28,Consumer Discretionary,-0.04036062436640198,4567786950740460.0
2021-05-28,Consumer Staples,0.018305466162991467,2770391302781780.0
2021-05-28,Energy,0.06268150940734075,1046841854260000.0
2021-05-28,Financials,0.026920650248079627,5109586325083540.0
2021-05-28,Health Care,0.022869235031952487,4613810296350580.0
2021-05-28,Industrials,0.029523008837690615,3498240826663410.0
2021-05-28,Information Technology,-0.0036395534189237384,8601245604533400.0
2021-05-28,Materials,0.06699812889632302,1062206231226760.0
2021-05-28,Real Estate,0.0121176815184059,1050761397829610.0
2021-05-28,Utilities,-0.02653326412153012,959808117764880.0
2021-06-30,Communication Services,0.021090085846638386,3476798205935310.0
2021-06-30,Consumer Discretionary,0.04480252914617689,4793631773925850.0
2021-06-30,Consumer Staples,0.0014893756075336734,2769960355086490.0
2021-06-30,Energy,0.04731216083114148,1092768787542440.0
2021-06-30,Financials,-0.004658273256436078,5071156592549380.0
2021-06-30,Health Care,0.031368019545337945,4722717338130660.0
2021-06-30,Industrials,-0.016409848802034756,3428121524029420.0
2021-06-30,Information Technology,0.07932775194909353,9211819792852230.0
2021-06-30,Materials,-0.05398106523624386,1000233778199960.0
2021-06-30,Real Estate,0.03297178303242764,1080960135914250.0
2021-06-30,Utilities,-0.01768727765567647,939747768027270.0
2021-07-30,Communication Services,0.043232681205570174,3609361515456850.0
2021-07-30,Consumer Discretionary,0.004139278853919776,4800654884768020.0
2021-07-30,Consumer Staples,0.028644521602749946,2824558734081590.0
2021-07-30,Energy,-0.07775074189887617,1007598961147800.0
2021-07-30,Financials,0.00759355670848651,5071378896527120.0
2021-07-30,Health Care,0.06474976655954871,4988526136283730.0
2021-07-30,Industrials,0.013208933464873585,3456173802562170.0
2021-07-30,Information Technology,0.043418232088604396,9594508742849080.0
2021-07-30,Materials,0.021994500771339607,1018776125697660.0
2021-07-30,Real Estate,0.045139665085791814,1128987201241470.0
2021-07-30,Utilities,0.03767659324944689,970200875786720.0
2021-08-31,Communication Services,0.04416194373375764,3759225452095230.0
2021-08-31,Consumer Discretionary,0.03012573499260303,4934564659649900.0
2021-08-31,Consumer Staples,0.010976217869651674,2841403888947760.0
2021-08-31,Energy,-0.02138190397230495,975227200172480.0
2021-08-31,Financials,0.03183479694190179,5185259937868280.0
2021-08-31,Health Care,0.028420369859148895,5104584749490670.0
2021-08-31,Industrials,0.011802675719153798,3481141073652700.0
2021-08-31,Information Technology,0.05240229486791102,1.009421840514008e+16
2021-08-31,Materials,0.017141580230002194,1028243852422640.0
2021-08-31,Real Estate,0.024660898911733793,1159302378400530.0
2021-08-31,Utilities,0.040344711793535624,1004692568960000.0
2021-09-30,Communication Services,-0.05322915304528741,3540197530376670.0
2021-09-30,Consumer Discretionary,-0.01576752178848099,4837679514329460.0
2021-09-30,Consumer Staples,-0.04193098366729522,2711331556740010.0
2021-09-30,Energy,0.09070563260266686,1059108106632480.0
2021-09-30,Financials,-0.02241848125873108,5052724833301630.0
2021-09-30,Health Care,-0.05306028436445652,4817065767646180.0
2021-09-30,Industrials,-0.05284136830583558,3281129741573470.0
2021-09-30,Information Technology,-0.05869292525472449,9467799634165960.0
2021-09-30,Materials,-0.06915726801469292,952292085594110.0
2021-09-30,Real Estate,-0.060567196213352915,1086466759022350.0
2021-09-30,Utilities,-0.0570897158354641,945033877525040.0
2021-10-29,Communication Services,0.04870734546264282,3678768682192960.0
2021-10-29,Consumer Discretionary,0.1332331379106538,5378437044553990.0
2021-10-29,Consumer Staples,0.04812544625880697,2830127125606680.0
2021-10-29,Energy,0.09807201074396824,1178396870059960.0
2021-10-29,Financials,0.05988350375988239,5292233814380960.0
2021-10-29,Health Care,0.05555487004542371,5054269010378230.0
2021-10-29,Industrials,0.07186805197094445,3493376401261510.0
2021-10-29,Information Technology,0.10857223123430543,1.043397653899666e+16
2021-10-29,Materials,0.07766611960074782,1017467018606160.0
2021-10-29,Real Estate,0.0715354585560529,1163372104289890.0
2021-10-29,Utilities,0.05684910187639926,996503990955040.0
2021-11-30,Communication Services,-0.05598259078755067,3468839130721080.5
2021-11-30,Consumer Discretionary,0.022351938615268692,5471748734943170.0
2021-11-30,Consumer Staples,-0.013851510283256435,2776031173049940.0
2021-11-30,Energy,-0.05079886356873777,1105404129864920.0
2021-11-30,Financials,-0.06618160012274069,4886725993551350.0
2021-11-30,Health Care,-0.02093140546691488,4899762162044200.0
2021-11-30,Industrials,-0.031154472171100667,3361822239089850.0
2021-11-30,Information Technology,0.07115269513323122,1.101877460388301e+16
2021-11-30,Materials,-0.0010515900117918887,1009103680785610.0
2021-11-30,Real Estate,-0.008995886960551078,1150516352992160.0
2021-11-30,Utilities,-0.013301235155005248,977685906605380.0
2021-12-31,Communication Services,0.025425709777076137,3543725819591960.0
2021-12-31,Consumer Discretionary,-0.0042531121829856074,5452735462873030.0
2021-12-31,Consumer Staples,0.09159967216665313,3012873359991500.0
2021-12-31,Energy,0.03113013084099004,1136403696080000.0
2021-12-31,Financials,0.03985503795809452,5059398475788050.0
2021-12-31,Health Care,0.09415634840418896,5314124755540380.0
2021-12-31,Industrials,0.05853943492512789,3545624060164900.0
2021-12-31,Information Technology,0.03145996527105307,1.128048451635451e+16
2021-12-31,Materials,0.07805363973415726,1083417912750050.0
2021-12-31,Real Estate,0.10532885234214533,1276772304138070.0
2021-12-31,Utilities,0.09391755003879096,1066756506760000.0
2022-01-31,Communication Services,-0.059790628441762764,3302379216672840.0
2022-01-31,Consumer Discretionary,-0.09599231986985152,4913373886698670.0
2022-01-31,Consumer Staples,-0.014993776293731356,2960130737879620.0
2022-01-31,Energy,0.18378098041696045,1336164844800000.0
2022-01-31,Financials,0.008380758879875654,5109257338904930.0
2022-01-31,Health Care,-0.060589260132176366,4943028389314980.0
2022-01-31,Industrials,-0.05092569288918363,3342037922921200.0
2022-01-31,Information Technology,-0.07644392849278157,1.035115315906842e+16
2022-01-31,Materials,-0.06324152914359725,1006657965096170.0
2022-01-31,Real Estate,-0.08530978295629268,1164891666629250.0
2022-01-31,Utilities,-0.02349702795497038,1036771027240000.0
2022-02-28,Communication Services,0.0043327364675736675,3339076342675870.0
2022-02-28,Consumer Discretionary,-0.0334426531307903,4722752171723440.0
2022-02-28,Consumer Staples,-0.013421505425776293,2900568340861390.0
2022-02-28,Energy,0.06911103397509642,1415949107609250.0
2022-02-28,Financials,-0.038966720500504884,4892392408744160.0
2022-02-28,Health Care,-0.006354351927862366,4875678268122470.0
2022-02-28,Industrials,-0.003577457587967559,3291415123295270.0
2022-02-28,Information Technology,-0.03517362144266505,1.003790795066888e+16
2022-02-28,Materials,0.011015938395616048,996159950462980.0
2022-02-28,Real Estate,-0.04973673909563258,1110857437877580.0
2022-02-28,Utilities,-0.019163116478201278,1025311879890000.0
2022-03-31,Communication Services,0.006975851539076297,3333419390708230.0
2022-03-31,Consumer Discretionary,0.06970383355998173,4998328238149710.0
2022-03-31,Consumer Staples,0.03240346260946386,2963571926179960.0
2022-03-31,Energy,0.10218663576062244,1554180583042550.0
2022-03-31,Financials,-0.004081493631995266,4836627049618350.0
2022-03-31,Health Care,0.058289038426875564,5123502901140680.0
2022-03-31,Industrials,0.03933174557301579,3391862800363880.0
2022-03-31,Information Technology,0.03660138032448115,1.034185437716036e+16
2022-03-31,Materials,0.07028666002661738,1053115025539070.0
2022-03-31,Real Estate,0.0802113891085397,1193443704812980.0
2022-03-31,Utilities,0.10267710126474837,1138111087287420.0
2022-04-29,Communication Services,-0.14820079477477663,2798915036315660.0
2022-04-29,Consumer Discretionary,-0.1336075875878412,4265873774345880.0
2022-04-29,Consumer Staples,0.02966109489483928,3041324900459160.0
2022-04-29,Energy,-0.010266196660446479,1533788800925100.0
2022-04-29,Financials,-0.09002594747551558,4371346446387310.0
2022-04-29,Health Care,-0.042503833017671556,4874058726844280.0
2022-04-29,Industrials,-0.07259985925421648,3132576943697790.0
2022-04-29,Information Technology,-0.11678355441568722,9071967494001860.0
2022-04-29,Materials,-0.028197253926035646,1015971420532370.0
2022-04-29,Real Estate,-0.028302571402344618,1158255811312110.0
2022-04-29,Utilities,-0.030192613310621653,1098055197642580.0
2022-05-31,Communication Services,0.03786616249134627,2899050594394420.0
2022-05-31,Consumer Discretionary,-0.043421374320122094,4053895400007850.0
2022-05-31,Consumer Staples,-0.05655421663300543,2846767772653200.0
2022-05-31,Energy,0.15043957605967379,1746810761560670.0
2022-05-31,Financials,0.03334982191725786,4479170341176680.0
2022-05-31,Health Care,0.01789583485191265,4930944536719820.0
2022-05-31,Industrials,-0.0037448517977093946,3092864651519740.0
2022-05-31,Information Technology,-0.0052256276243146625,8967030054591590.0
2022-05-31,Materials,0.0203251253625108,1051499890410240.0
2022-05-31,Real Estate,-0.03670390362886812,1113607875113740.0
2022-05-31,Utilities,0.040894646479502444,1123767912387390.0
2022-06-30,Communication Services,-0.06650303224969586,3099264457968640.0
2022-06-30,Consumer Discretionary,-0.11035065779767023,3588408402769860.0
2022-06-30,Consumer Staples,-0.019487492216790227,2777885220928760.0
2022-06-30,Energy,-0.16345599486803894,1453734468664840.0
2022-06-30,Financials,-0.10458320704380845,3986905634904260.0
2022-06-30,Health Care,-0.022431001149144703,4910992080105680.0
2022-06-30,Industrials,-0.06576595871431962,2867043836080040.0
2022-06-30,Information Technology,-0.08888182365461679,8100718441689970.0
2022-06-30,Materials,-0.138816275896732,895500171228760.0
2022-06-30,Real Estate,-0.06697963165321007,1029533218351400.0
2022-06-30,Utilities,-0.05455484112439791,1060158645140000.0
2022-07-29,Communication Services,0.044701176917163424,3199833948446210.0
2022-07-29,Consumer Discretionary,0.21064291261968335,4315047824664640.0
2022-07-29,Consumer Staples,0.042301774016424536,2869207134121720.0
2022-07-29,Energy,0.10574599408263187,1599404654915160.0
2022-07-29,Financials,0.08508517577209927,4302676031408670.0
2022-07-29,Health Care,0.04094854854965064,5080345040309820.0
2022-07-29,Industrials,0.10500825999031893,3151220754787360.0
2022-07-29,Information Technology,0.14258599320594004,9203694567214120.0
2022-07-29,Materials,0.07324785525400809,952105972053520.0
2022-07-29,Real Estate,0.08804155146235447,1115903737329770.0
2022-07-29,Utilities,0.05977123709961411,1121240730330000.0
2022-08-31,Communication Services,-0.036275811068826096,3075638273554100.0
2022-08-31,Consumer Discretionary,-0.04455112450272977,4100482312545260.0
2022-08-31,Consumer Staples,-0.017228842336861137,2821930305812920.0
2022-08-31,Energy,0.02965454582928507,1618481221621120.0
2022-08-31,Financials,-0.02001952889160376,4191015057120760.0
2022-08-31,Health Care,-0.05420210633022994,4775329850353590.0
2022-08-31,Industrials,-0.01761531480101835,3063995792063670.0
2022-08-31,Information Technology,-0.058245024131895015,8628446864380140.0
2022-08-31,Materials,-0.027865781773428223,911154441632150.0
2022-08-31,Real Estate,-0.054171491673578064,1057095370357620.0
2022-08-31,Utilities,0.01752106895110682,1134878943640000.0
2022-09-30,Communication Services,-0.11760156008560416,2689354235196720.0
2022-09-30,Consumer Discretionary,-0.07678428893456493,3774020753141070.0
2022-09-30,Consumer Staples,-0.06975944630027325,2594123716209530.0
2022-09-30,Energy,-0.09242668837892994,1461946863115560.0
2022-09-30,Financials,-0.08620708768057839,3812526027423030.0
2022-09-30,Health Care,-0.020891070574770593,4645414474539620.0
2022-09-30,Industrials,-0.09798959619368915,2746445162023800.0
2022-09-30,Information Technology,-0.1209549558231936,7540535691267860.0
2022-09-30,Materials,-0.0897911105213911,823718402189010.0
2022-09-30,Real Estate,-0.12413164966600344,919496943439980.0
2022-09-30,Utilities,-0.10248214551762241,1015131725410000.0
2022-10-31,Communication Services,0.03253821012714933,2711705109650000.0
2022-10-31,Consumer Discretionary,0.007469959547845954,3736985886413890.0
2022-10-31,Consumer Staples,0.09340082578320995,2819711878264050.0
2022-10-31,Energy,0.24831477678242736,1813496834992290.0
2022-10-31,Financials,0.13222524376253447,4281842941465930.0
2022-10-31,Health Care,0.10435094492057272,5091444398949260.0
2022-10-31,Industrials,0.1368880584290159,3091922323481430.0
2022-10-31,Information Technology,0.07799528758147714,8085650468216210.0
2022-10-31,Materials,0.09628678441228912,897447696069440.0
2022-10-31,Real Estate,0.02504672254925668,954078216247880.0
2022-10-31,Utilities,0.032647955373216,1044340770250000.0
2022-11-30,Communication Services,0.06847730186715252,2880128124769800.0
2022-11-30,Consumer Discretionary,0.017143080446581416,3743721873110750.0
2022-11-30,Consumer Staples,0.058614385967755554,2991551668625270.0
2022-11-30,Energy,0.020560619558566622,1818113005624270.0
2022-11-30,Financials,0.06609022012868535,4530575797914780.0
2022-11-30,Health Care,0.051678452058870374,5327808935137690.0
2022-11-30,Industrials,0.08203200163813439,3324019032253260.0
2022-11-30,Information Technology,0.07135924112698687,8594715106331080.0
2022-11-30,Materials,0.12347602063394143,997343812891750.0
2022-11-30,Real Estate,0.06766759455312991,1015203102434790.0
2022-11-30,Utilities,0.07076585873286975,1111687574581720.0
2022-12-30,Communication Services,-0.07848452417166861,2624486413166510.0
2022-12-30,Consumer Discretionary,-0.1049482940847981,3285599429503970.0
2022-12-30,Consumer Staples,-0.03096407644413443,2878086492454980.0
2022-12-30,Energy,-0.029694805908229368,1757647850185390.0
2022-12-30,Financials,-0.054285996326735045,4265725601690380.0
2022-12-30,Health Care,-0.017630295285133112,5232223622556520.0
2022-12-30,Industrials,-0.03391576538063345,3193694268752910.0
2022-12-30,Information Technology,-0.0872102061146792,7804546945300220.0
2022-12-30,Materials,-0.05160075915273817,939931965374860.0
2022-12-30,Real Estate,-0.045997787313685166,960880580164180.0
2022-12-30,Utilities,-0.0046310334343266975,1101762249376670.0
2023-01-31,Communication Services,0.1447817417637929,2983886751786530.0
2023-01-31,Consumer Discretionary,0.176372574075704,3815348241930470.0
2023-01-31,Consumer Staples,-0.0010382342736310252,2858185902908630.0
2023-01-31,Energy,0.028105979090413992,1800986464025920.0
2023-01-31,Financials,0.08937338011801714,4619437568161030.0
2023-01-31,Health Care,-0.01597229807213545,5149264988622210.0
2023-01-31,Industrials,0.04397094041171348,3284923706592690.0
2023-01-31,Information Technology,0.10225669691562012,8545779620605440.0
2023-01-31,Materials,0.09585784830873688,1024003616071100.0
2023-01-31,Real Estate,0.09665641026776714,1055974930227870.0
2023-01-31,Utilities,-0.017588696295207252,1079125403238280.0
2023-02-28,Communication Services,-0.040800455444157994,2831828143741420.0
2023-02-28,Consumer Discretionary,-0.00623712656872924,3748022989327600.0
2023-02-28,Consumer Staples,-0.023855844911696688,2783725531054190.0
2023-02-28,Energy,-0.06630423174504863,1661614991717760.0
2023-02-28,Financials,-0.026098533307824644,4473199191368390.0
2023-02-28,Health Care,-0.04475964585203819,4867320442191740.0
2023-02-28,Industrials,-0.00402887439448257,3249189715907680.0
2023-02-28,Information Technology,0.016767444123834723,8644366335169940.0
2023-02-28,Materials,-0.02392917338549618,990962214035250.0
2023-02-28,Real Estate,-0.060712165199408454,989384647443160.0
2023-02-28,Utilities,-0.057894339635536037,1012956415213330.0
2023-03-31,Communication Services,0.10143301606900239,3087554146799620.0
2023-03-31,Consumer Discretionary,0.03937729235224845,3875087284307360.0
2023-03-31,Consumer Staples,0.038869366329677406,2875141190814190.0
2023-03-31,Energy,-0.0011184313156497908,1641166104675410.0
2023-03-31,Financials,-0.06638738296131885,4116971925943790.0
2023-03-31,Health Care,0.025990362377436477,4972554361916150.0
2023-03-31,Industrials,0.010853990923316246,3266932524724040.0
2023-03-31,Information Technology,0.12390804186061045,9665437388834170.0
2023-03-31,Materials,-0.009227240008268751,969403033998940.0
2023-03-31,Real Estate,-0.008342282114965033,974850813824690.0
2023-03-31,Utilities,0.049722130647228566,1064620934596170.0
2023-04-28,Communication Services,0.039308077219877925,3188376563304030.0
2023-04-28,Consumer Discretionary,-0.0022225447152223812,3824067242915380.0
2023-04-28,Consumer Staples,0.0338063383613804,2963999925548640.0
2023-04-28,Energy,0.03395301919730298,1687500335833900.0
2023-04-28,Financials,0.02667220666340723,4207239307817850.0
2023-04-28,Health Care,0.0391401260804412,5140364825986430.0
2023-04-28,Industrials,-0.009581415104882742,3226579625572950.0
2023-04-28,Information Technology,0.0045018160502177055,9670512864534440.0
2023-04-28,Materials,-0.00024653159485373867,966230732215430.0
2023-04-28,Real Estate,0.009811849884235304,980989097306270.0
2023-04-28,Utilities,0.019484659624225936,1085036220505700.0
2023-05-31,Communication Services,0.06608204771059042,3361811752519660.0
2023-05-31,Consumer Discretionary,0.054905458093857246,3962029843502240.0
2023-05-31,Consumer Staples,-0.05392088767504961,2836210736987940.0
2023-05-31,Energy,-0.09865604010312264,1499843677825400.0
2023-05-31,Financials,-0.0419658840312148,3999573750975210.0
2023-05-31,Health Care,-0.03867774730446609,4931854550485650.0
2023-05-31,Industrials,-0.02342260397725503,3134071244183650.0
2023-05-31,Information Technology,0.11217882852023336,1.063084781819168e+16
2023-05-31,Materials,-0.0625459993326242,897806655996760.0
2023-05-31,Real Estate,-0.041986213454805,938395883156650.0
2023-05-31,Utilities,-0.05053254750826587,1021158583710000.0
2023-06-30,Communication Services,0.02663542167175314,3429407815190550.0
2023-06-30,Consumer Discretionary,0.1311597988456863,4454337455312940.5
2023-06-30,Consumer Staples,0.032856593700241875,2911822264369500.0
2023-06-30,Energy,0.0694022444039492,1599001562396430.0
2023-06-30,Financials,0.06984389692497461,4339506402020030.0
2023-06-30,Health Care,0.04946532365692554,5155134714958430.0
2023-06-30,Industrials,0.11813652535599414,3486246268989650.0
2023-06-30,Information Technology,0.06854648406797316,1.130565374519388e+16
2023-06-30,Materials,0.11296506335773879,995272217465130.0
2023-06-30,Real Estate,0.0569783213659821,982779969066680.0
2023-06-30,Utilities,0.020112666033180012,1038964350270000.0
2023-07-31,Communication Services,0.06761739726062761,3638102183923310.0
2023-07-31,Consumer Discretionary,0.029042014222942253,4569575808464440.0
2023-07-31,Consumer Staples,0.021488622575582372,2965897608927120.0
2023-07-31,Energy,0.07589135285845028,1705513862052780.0
2023-07-31,Financials,0.05821083235007719,4569829849370230.0
2023-07-31,Health Care,0.009980283910021814,5177134825194240.0
2023-07-31,Industrials,0.03701991481523546,3595058671833110.0
2023-07-31,Information Technology,0.02984744005572448,1.161079519452348e+16
2023-07-31,Materials,0.040987331033255914,1031304448637100.0
2023-07-31,Real Estate,0.010569248739043188,1002068595140790.0
2023-07-31,Utilities,0.026049409024885974,1084758951603310.0
2023-08-31,Communication Services,-0.0012570104392079077,3625894697434360.0
2023-08-31,Consumer Discretionary,-0.01009029432612688,4502115530703520.0
2023-08-31,Consumer Staples,-0.03074510081896652,2860469280964490.0
2023-08-31,Energy,0.017282772021114903,1722736115854650.0
2023-08-31,Financials,-0.026402626831424345,4403690472771670.0
2023-08-31,Health Care,0.005043701187924867,5157664722687960.0
2023-08-31,Industrials,-0.014441406418743488,3521153549989420.0
2023-08-31,Information Technology,-0.012152829162098018,1.14201929474022e+16
2023-08-31,Materials,-0.028566419507112657,996888425552680.0
2023-08-31,Real Estate,-0.030206199466910468,975304851958950.0
2023-08-31,Utilities,-0.054082060199162854,1002491307496690.0
2023-09-29,Communication Services,-0.027844966158031607,3505880755986000.0
2023-09-29,Consumer Discretionary,-0.05593228065685906,4243603509624550.0
2023-09-29,Consumer Staples,-0.04281759822200703,2723645055910220.0
2023-09-29,Energy,0.025440542858950668,1779439732672010.0
2023-09-29,Financials,-0.029135943651259363,4266079978593420.0
2023-09-29,Health Care,-0.026112541903885615,5001038141096750.0
2023-09-29,Industrials,-0.05550169462498186,3310959417191530.0
2023-09-29,Information Technology,-0.06541973674999146,1.063675213204079e+16
2023-09-29,Materials,-0.042945085433533134,949634503749420.0
2023-09-29,Real Estate,-0.07082608852725074,898966662893930.0
2023-09-29,Utilities,-0.04693931868856163,952633681330000.0
2023-10-31,Communication Services,-0.013182197006042666,3439195711754730.0
2023-10-31,Consumer Discretionary,-0.032645148771407534,4056997638746720.0
2023-10-31,Consumer Staples,-0.008035186872400577,2689269743702220.0
2023-10-31,Energy,-0.055584647495344225,1661425658472710.0
2023-10-31,Financials,-0.0240203596538212,4135980904410220.0
2023-10-31,Health Care,-0.02536502153500251,4812984824068960.0
2023-10-31,Industrials,-0.022888727212923576,3228181869401760.0
2023-10-31,Information Technology,0.0012501919302649242,1.059942633511459e+16
2023-10-31,Materials,-0.02902846783406315,917961544537340.0
2023-10-31,Real Estate,-0.021898333542449272,875671737587350.0
2023-10-31,Utilities,0.014543204817245565,966295354980000.0
2023-11-30,Communication Services,0.07645741194289976,3696534452324270.0
2023-11-30,Consumer Discretionary,0.11469921558131632,4497825734184550.0
2023-11-30,Consumer Staples,0.037365349679329585,2775770226120710.0
2023-11-30,Energy,-0.004961080499068255,1639761609186730.0
2023-11-30,Financials,0.1277395666746656,4623764010458260.0
2023-11-30,Health Care,0.06067039252844735,5070430242781500.0
2023-11-30,Industrials,0.10125746073144438,3525938808957830.0
2023-11-30,Information Technology,0.13504852698941425,1.204022114745546e+16
2023-11-30,Materials,0.08100590439077904,993576918781120.0
2023-11-30,Real Estate,0.133510580765109,989786786497910.0
2023-11-30,Utilities,0.053927014461535756,1011202201470000.0
2023-12-29,Communication Services,0.05009101266398608,3873594209447750.0
2023-12-29,Consumer Discretionary,0.061774916661621014,4747846455800420.0
2023-12-29,Consumer Staples,0.030375734590382626,2836374586487360.0
2023-12-29,Energy,0.0022182914673758497,1638940286646250.0
2023-12-29,Financials,0.06953845896539021,4916555093987790.0
2023-12-29,Health Care,0.04512205593564105,5270581908314250.0
2023-12-29,Industrials,0.0740162305226475,3767636224426670.0
2023-12-29,Information Technology,0.044101172921238004,1.249776076994005e+16
2023-12-29,Materials,0.0476734843094492,1035573189647890.0
2023-12-29,Real Estate,0.08769976573104604,1064157640331670.0
2023-12-29,Utilities,0.02059538891133271,1029200960927050.0
2024-01-31,Communication Services,0.0474231296538709,4029566478384780.0
2024-01-31,Consumer Discretionary,-0.024430249529172547,4593025388171330.0
2024-01-31,Consumer Staples,0.01794694083279343,2873508857584140.0
2024-01-31,Energy,-0.0040831652889783895,1623615223892200.0
2024-01-31,Financials,0.025437508472969838,5021455901587790.0
2024-01-31,Health Care,0.0373211919631294,5437697620097350.0
2024-01-31,Industrials,-0.0040874235346957674,3732824568181360.0
2024-01-31,Information Technology,0.04979474841653638,1.300219074745314e+16
2024-01-31,Materials,-0.03812969306653198,991099857339470.0
2024-01-31,Real Estate,-0.04650648705992797,1019834376856300.0
2024-01-31,Utilities,-0.026282529107506187,1000733308580000.0
2024-02-29,Communication Services,0.06436906523213044,4229772927525080.0
2024-02-29,Consumer Discretionary,0.09387408255055654,5003047478563350.0
2024-02-29,Consumer Staples,0.027300570188498453,2936843019266420.0
2024-02-29,Energy,0.03534407305102632,1657029889770610.0
2024-02-29,Financials,0.046475272981824356,5206204030782980.0
2024-02-29,Health Care,0.0405397593876623,5609720063598200.0
2024-02-29,Industrials,0.07814101988922026,3996481210822490.0
2024-02-29,Information Technology,0.07673054126204276,1.386871584600486e+16
2024-02-29,Materials,0.07229936762753111,1050774159208220.0
2024-02-29,Real Estate,0.027605859238614507,1051727732434180.0
2024-02-29,Utilities,0.04281103141689872,1025081786490000.0
2024-03-28,Communication Services,0.04318159934646339,4385621433327300.0
2024-03-28,Consumer Discretionary,0.0066437997316021145,5007989849621570.0
2024-03-28,Consumer Staples,0.03738751502104243,3028260552984860.0
2024-03-28,Energy,0.10161389230089728,1820657330492740.0
2024-03-28,Financials,0.05400938137572431,5491107196874560.0
2024-03-28,Health Care,0.02674654341690352,5744337045375030.0
2024-03-28,Industrials,0.04682118596963168,4172262837031410.0
2024-03-28,Information Technology,0.02383654080968462,1.409785213180318e+16
2024-03-28,Materials,0.06519069877639791,1111960643506970.0
2024-03-28,Real Estate,0.017841357026678068,1071008624244050.0
2024-03-28,Utilities,0.07237912805062305,1093692945244660.0
2024-04-30,Communication Services,-0.009191540616097166,4299579380153470.0
2024-04-30,Consumer Discretionary,-0.03951144954710073,4788720651363350.0
2024-04-30,Consumer Staples,-0.006506289197127301,2995541566314020.0
2024-04-30,Energy,-0.0037005456627369577,1801868583520560.0
2024-04-30,Financials,-0.03998896983452311,5251343675817810.0
2024-04-30,Health Care,-0.04702939940118035,5462006422654300.0
2024-04-30,Industrials,-0.028844936886258516,4012646316304930.0
2024-04-30,Information Technology,-0.05200992177181906,1.330010054277223e+16
2024-04-30,Materials,-0.04056302367166453,1062992740179940.0
2024-04-30,Real Estate,-0.07991370172844263,978200690718120.0
2024-04-30,Utilities,0.018025217197385313,1113079390940000.0
2024-05-31,Communication Services,0.06769593242128,4581435320042620.0
2024-05-31,Consumer Discretionary,0.0039920157480944,4788292628736590.0
2024-05-31,Consumer Staples,0.03281411755149065,3077114358004140.0
2024-05-31,Energy,-0.0009415025565018293,1847972041317650.0
2024-05-31,Financials,0.03425888468639728,5397371827349010.0
2024-05-31,Health Care,0.030312545147411545,5595923909771860.0
2024-05-31,Industrials,0.019779376086088506,4071222138314900.0
2024-05-31,Information Technology,0.10744390723245915,1.459319432012701e+16
2024-05-31,Materials,0.036950612995177025,1095328383928810.0
2024-05-31,Real Estate,0.055482616199204304,1033385157708440.0
2024-05-31,Utilities,0.09911380135441662,1212708247400000.0
2024-06-28,Communication Services,0.04615541435757729,4770509082179130.0
2024-06-28,Consumer Discretionary,0.05683733067204672,5049054441733440.0
2024-06-28,Consumer Staples,0.0013835442118514487,3060539461285280.0
2024-06-28,Energy,-0.009827922266558695,1825730641839840.0
2024-06-28,Financials,-0.005913504680126104,5353215690111050.0
2024-06-28,Health Care,0.021210808428368054,5685241723289400.0
2024-06-28,Industrials,-0.0054400509055026695,4031865377367240.0
2024-06-28,Information Technology,0.0949143773811486,1.590903281424112e+16
2024-06-28,Materials,-0.028326009073423867,1058349267167000.0
2024-06-28,Real Estate,0.019435289601064696,1044546907145940.0
2024-06-28,Utilities,-0.05507289234762377,1141015993720000.0
2024-07-31,Communication Services,-0.03129587369532538,4596971103969410.0
2024-07-31,Consumer Discretionary,0.023808627603829877,5125394241499470.0
2024-07-31,Consumer Staples,0.021197204324709253,3110903271556770.0
2024-07-31,Energy,0.023834544687353992,1875116799499800.0
2024-07-31,Financials,0.06439266904253868,5690983912215380.0
2024-07-31,Health Care,0.03550642112748349,5814200969603510.0
2024-07-31,Industrials,0.05513014375530695,4222912541279610.0
2024-07-31,Information Technology,-0.017557971287997142,1.553273636767739e+16
2024-07-31,Materials,0.04758526310360502,1114336596540200.0
2024-07-31,Real Estate,0.07745463391756885,1122130119561950.0
2024-07-31,Utilities,0.06332846267078644,1226920854880000.0
2024-08-30,Communication Services,0.02124250928564475,4670433688468940.0
2024-08-30,Consumer Discretionary,-0.006585963510999008,5060155599758000.0
2024-08-30,Consumer Staples,0.06743946610191341,3294912057664840.0
2024-08-30,Energy,-0.010515294192817692,1828599532995010.0
2024-08-30,Financials,0.0382544447302798,5862341772223270.0
2024-08-30,Health Care,0.05990619530983939,6121425240821330.0
2024-08-30,Industrials,0.03097797517030637,4331128375528970.0
2024-08-30,Information Technology,0.016650178006904725,1.573298649706292e+16
2024-08-30,Materials,0.027557452902663128,1149735346891930.0
2024-08-30,Real Estate,0.058711821076896355,1185247316923080.0
2024-08-30,Utilities,0.04955689004051752,1263509338532330.0
2024-09-30,Communication Services,0.04599690530559393,4859340598082200.0
2024-09-30,Consumer Discretionary,0.07830142956291808,5431261719283330.0
2024-09-30,Consumer Staples,0.013775848132235027,3326205604922520.0
2024-09-30,Energy,-0.022239969962456568,1804451442871990.0
2024-09-30,Financials,0.002374651383887418,5858673511296740.0
2024-09-30,Health Care,-0.015091544801482783,6005598530392240.0
2024-09-30,Industrials,0.03725844973539842,4467843077158990.0
2024-09-30,Information Technology,0.03063990691095877,1.616186257184578e+16
2024-09-30,Materials,0.027771486735928864,1177260532786940.0
2024-09-30,Real Estate,0.035954502471054646,1221050625743420.0
2024-09-30,Utilities,0.08564267397187185,1359282913587180.0
2024-10-31,Communication Services,0.025516599813299106,4966058854744530.0
2024-10-31,Consumer Discretionary,-0.010789016799630517,5349404501284630.0
2024-10-31,Consumer Staples,-0.022954942254904145,3233234793527240.0
2024-10-31,Energy,0.019863687000797756,1849556623474120.0
2024-10-31,Financials,0.038275740561000984,6038289806647340.0
2024-10-31,Health Care,-0.04438866411597057,5699324014736630.0
2024-10-31,Industrials,-0.008430362583013053,4420020803568600.0
2024-10-31,Information Technology,-0.007397563819975114,1.596190111996794e+16
2024-10-31,Materials,-0.0338855536134678,1129385993532820.0
2024-10-31,Real Estate,-0.031132121106386548,1178775081704200.0
2024-10-31,Utilities,-0.0060222850180210235,1348769798334660.0
2024-11-29,Communication Services,0.04271200459232505,5151680030291510.0
2024-11-29,Consumer Discretionary,0.14802310695486812,6075422724898490.0
2024-11-29,Consumer Staples,0.05699403126315938,3398869856444430.0
2024-11-29,Energy,0.0880067395279736,1993364630730270.0
2024-11-29,Financials,0.11544723435717605,6712015039355820.0
2024-11-29,Health Care,0.005195333417448875,5679589388111220.0
2024-11-29,Industrials,0.080650080457664,4744640798035880.0
2024-11-29,Information Technology,0.050508053802026144,1.669379454288455e+16
2024-11-29,Materials,0.023734876547098868,1148920455084150.0
2024-11-29,Real Estate,0.04136278809584874,1226353990484670.0
2024-11-29,Utilities,0.038247367066382806,1388560290644000.0
2024-12-31,Communication Services,0.03183048675638202,5272928483592630.0
2024-12-31,Consumer Discretionary,0.03499624722904797,6240620133697250.0
2024-12-31,Consumer Staples,-0.044743814581599435,3234213165978860.0
2024-12-31,Energy,-0.08836615101003126,1811043148489820.0
2024-12-31,Financials,-0.05252708667028432,6347935119543180.0
2024-12-31,Health Care,-0.058183923981257636,5321776826383040.0
2024-12-31,Industrials,-0.07728943668140084,4351886611612380.0
2024-12-31,Information Technology,0.019420039798116007,1.682991848169669e+16
2024-12-31,Materials,-0.10301557209020092,1025966883429120.0
2024-12-31,Real Estate,-0.08613824536181455,1111897681826040.0
2024-12-31,Utilities,-0.08079459284205584,1276326933145340.0
