public_date,gicdesc,NFIRM,indret_ew,indret_vw,gpm_Median,npm_Median,roa_Median,roe_Median,debt_assets_Median
2021-05-31,Communication Services,145,0.031623,0.00382,0.516,-0.036,0.058,-0.04,0.601
2021-05-31,Consumer Discretionary,435,0.020935,-0.038256,0.341,0.021,0.081,0.058,0.671
2021-05-31,Consumer Staples,140,0.018104,0.017394,0.326,0.035,0.106,0.097,0.551
2021-05-31,Energy,159,0.151558,0.064536,0.21,-0.153,0.022,-0.143,0.541
2021-05-31,Financials,596,0.033247,0.04446,0.792,0.221,0.023,0.106,0.884
2021-05-31,Health Care,874,-0.030811,0.00449,0.333,-0.642,-0.265,-0.383,0.345
2021-05-31,Industrials,488,0.00867,0.020612,0.279,0.026,0.091,0.06,0.584
2021-05-31,Information Technology,506,0.004013,-0.012634,0.534,0.003,0.067,0.011,0.527
2021-05-31,Materials,145,0.074063,0.05046,0.264,0.041,0.101,0.067,0.551
2021-05-31,Real Estate,33,0.00199,-0.020758,0.178,0.036,0.011,0.034,0.501
2021-05-31,Utilities,70,-0.011586,-0.022701,0.361,0.122,0.076,0.081,0.697
2021-06-30,Communication Services,145,0.069737,0.035707,0.516,-0.04,0.054,-0.027,0.602
2021-06-30,Consumer Discretionary,433,0.030726,0.039484,0.346,0.035,0.09,0.088,0.68
2021-06-30,Consumer Staples,142,-0.006068,-0.003916,0.326,0.037,0.102,0.1,0.552
2021-06-30,Energy,159,0.11084,0.054481,0.214,-0.149,0.022,-0.143,0.541
2021-06-30,Financials,597,-0.01992,-0.024777,0.792,0.222,0.023,0.106,0.884
2021-06-30,Health Care,888,0.048935,0.037268,0.336,-0.619,-0.262,-0.38,0.346
2021-06-30,Industrials,490,0.004654,-0.016059,0.279,0.028,0.092,0.067,0.585
2021-06-30,Information Technology,516,0.080869,0.073778,0.542,0.004,0.068,0.013,0.522
2021-06-30,Materials,146,-0.02201,-0.050816,0.261,0.042,0.101,0.067,0.551
2021-06-30,Real Estate,34,0.023514,0.008151,0.17,0.036,0.007,0.034,0.517
2021-06-30,Utilities,70,-0.009254,-0.018423,0.361,0.122,0.076,0.081,0.697
2021-07-31,Communication Services,147,-0.060613,0.010077,0.516,-0.046,0.043,-0.043,0.601
2021-07-31,Consumer Discretionary,435,-0.043186,-0.003163,0.348,0.036,0.092,0.093,0.68
2021-07-31,Consumer Staples,144,-0.043978,0.017198,0.332,0.033,0.098,0.101,0.551
2021-07-31,Energy,160,-0.120634,-0.087269,0.21,-0.153,0.021,-0.144,0.542
2021-07-31,Financials,597,-0.007667,-0.005492,0.792,0.223,0.023,0.106,0.884
2021-07-31,Health Care,895,-0.080772,0.030891,0.335,-0.626,-0.265,-0.382,0.346
2021-07-31,Industrials,490,-0.025168,-0.003228,0.281,0.029,0.092,0.071,0.584
2021-07-31,Information Technology,522,-0.024405,0.031102,0.542,0.005,0.068,0.017,0.522
2021-07-31,Materials,147,-0.011556,0.009114,0.261,0.044,0.102,0.065,0.551
2021-07-31,Real Estate,34,0.006081,0.02497,0.17,0.036,0.007,0.034,0.517
2021-07-31,Utilities,70,0.030399,0.037714,0.361,0.122,0.076,0.081,0.697
2021-08-31,Communication Services,151,0.011287,0.036616,0.527,-0.007,0.067,0.009,0.599
2021-08-31,Consumer Discretionary,442,0.0011,0.019767,0.358,0.05,0.11,0.141,0.664
2021-08-31,Consumer Staples,146,-0.006549,0.017655,0.326,0.038,0.1,0.091,0.546
2021-08-31,Energy,160,-0.003464,-0.013976,0.231,-0.105,0.042,-0.094,0.528
2021-08-31,Financials,598,0.03274,0.051481,0.842,0.248,0.024,0.121,0.884
2021-08-31,Health Care,921,0.045018,0.02516,0.359,-0.623,-0.257,-0.356,0.323
2021-08-31,Industrials,505,0.012792,0.006416,0.284,0.036,0.101,0.088,0.568
2021-08-31,Information Technology,534,0.033135,0.036372,0.544,0.006,0.066,0.018,0.512
2021-08-31,Materials,147,0.009356,0.011691,0.273,0.052,0.114,0.102,0.54
2021-08-31,Real Estate,36,0.033045,0.048022,0.211,0.039,0.012,0.019,0.507
2021-08-31,Utilities,70,0.027538,0.036824,0.352,0.119,0.076,0.077,0.697
2021-09-30,Communication Services,153,-0.022881,-0.062127,0.528,0.007,0.067,0.012,0.601
2021-09-30,Consumer Discretionary,447,-0.05058,-0.028085,0.366,0.053,0.113,0.144,0.664
2021-09-30,Consumer Staples,148,-0.042743,-0.04173,0.329,0.037,0.1,0.09,0.542
2021-09-30,Energy,160,0.174026,0.103225,0.232,-0.105,0.043,-0.092,0.524
2021-09-30,Financials,606,0.001352,-0.015253,0.841,0.247,0.024,0.121,0.884
2021-09-30,Health Care,949,-0.0593,-0.056099,0.356,-0.665,-0.261,-0.359,0.321
2021-09-30,Industrials,508,-0.041075,-0.050248,0.281,0.035,0.101,0.088,0.569
2021-09-30,Information Technology,550,-0.045335,-0.055372,0.548,0.003,0.065,0.017,0.511
2021-09-30,Materials,146,-0.047712,-0.071027,0.273,0.053,0.115,0.101,0.54
2021-09-30,Real Estate,38,-0.02025,-0.000148,0.211,0.031,0.017,0.014,0.509
2021-09-30,Utilities,70,-0.066197,-0.061343,0.352,0.119,0.076,0.077,0.697
2021-10-31,Communication Services,158,0.00298,0.003103,0.537,0.008,0.067,0.015,0.599
2021-10-31,Consumer Discretionary,447,0.021979,0.101269,0.367,0.052,0.114,0.146,0.663
2021-10-31,Consumer Staples,150,0.019304,0.038744,0.329,0.037,0.099,0.086,0.542
2021-10-31,Energy,160,0.065482,0.098243,0.23,-0.105,0.042,-0.092,0.518
2021-10-31,Financials,604,0.048483,0.076097,0.837,0.247,0.024,0.121,0.884
2021-10-31,Health Care,955,-0.026853,0.041586,0.357,-0.667,-0.263,-0.361,0.322
2021-10-31,Industrials,511,0.042141,0.064657,0.281,0.035,0.101,0.09,0.569
2021-10-31,Information Technology,548,0.046561,0.082597,0.546,0.003,0.066,0.019,0.511
2021-10-31,Materials,147,0.061652,0.07303,0.273,0.052,0.116,0.102,0.539
2021-10-31,Real Estate,38,0.001076,0.05857,0.211,0.031,0.017,0.014,0.509
2021-10-31,Utilities,70,0.045051,0.051791,0.352,0.119,0.075,0.077,0.697
2021-11-30,Communication Services,158,-0.10176,-0.052717,0.52,0.009,0.069,0.016,0.619
2021-11-30,Consumer Discretionary,452,-0.037449,0.012686,0.375,0.054,0.115,0.153,0.655
2021-11-30,Consumer Staples,152,-0.027793,-0.018119,0.325,0.041,0.103,0.084,0.534
2021-11-30,Energy,158,-0.109912,-0.056435,0.247,-0.076,0.057,-0.084,0.517
2021-11-30,Financials,602,-0.026226,-0.054188,0.867,0.259,0.024,0.124,0.882
2021-11-30,Health Care,965,-0.092101,-0.040439,0.361,-0.687,-0.271,-0.349,0.305
2021-11-30,Industrials,511,-0.026889,-0.032887,0.283,0.041,0.1,0.092,0.555
2021-11-30,Information Technology,563,-0.054463,0.02484,0.548,0.002,0.06,0.017,0.488
2021-11-30,Materials,147,-0.039251,-0.009083,0.292,0.061,0.122,0.104,0.539
2021-11-30,Real Estate,40,-0.086362,-0.151438,0.224,0.029,0.021,0.025,0.506
2021-11-30,Utilities,70,-0.023395,-0.016525,0.349,0.114,0.075,0.077,0.707
2021-12-31,Communication Services,158,0.003981,0.019941,0.519,0.003,0.069,0.016,0.616
2021-12-31,Consumer Discretionary,460,-0.014176,-0.012824,0.377,0.052,0.114,0.153,0.65
2021-12-31,Consumer Staples,153,0.027693,0.092489,0.324,0.041,0.1,0.084,0.531
2021-12-31,Energy,156,-0.01235,0.025098,0.246,-0.071,0.056,-0.083,0.514
2021-12-31,Financials,602,0.02761,0.023631,0.867,0.258,0.024,0.124,0.882
2021-12-31,Health Care,982,-0.052328,0.070045,0.363,-0.715,-0.276,-0.349,0.307
2021-12-31,Industrials,514,0.003194,0.042495,0.283,0.041,0.099,0.092,0.556
2021-12-31,Information Technology,569,-0.006681,0.020065,0.551,0.001,0.058,0.018,0.485
2021-12-31,Materials,146,0.048865,0.070099,0.292,0.061,0.122,0.106,0.541
2021-12-31,Real Estate,39,0.024787,0.072783,0.224,0.029,0.021,0.025,0.508
2021-12-31,Utilities,71,0.086675,0.092706,0.349,0.114,0.075,0.077,0.707
2022-01-31,Communication Services,165,-0.089265,-0.075507,0.517,0.001,0.067,0.016,0.613
2022-01-31,Consumer Discretionary,468,-0.108258,-0.106611,0.377,0.051,0.114,0.153,0.65
2022-01-31,Consumer Staples,155,-0.065693,-0.020645,0.325,0.033,0.101,0.085,0.536
2022-01-31,Energy,156,0.090321,0.166152,0.246,-0.071,0.056,-0.083,0.514
2022-01-31,Financials,599,-0.020574,-0.009524,0.865,0.256,0.024,0.124,0.882
2022-01-31,Health Care,990,-0.160382,-0.088093,0.362,-0.715,-0.28,-0.351,0.31
2022-01-31,Industrials,518,-0.104632,-0.063778,0.284,0.041,0.1,0.089,0.554
2022-01-31,Information Technology,578,-0.1248,-0.078745,0.557,0,0.057,0.018,0.487
2022-01-31,Materials,147,-0.071454,-0.068812,0.292,0.064,0.122,0.105,0.54
2022-01-31,Real Estate,39,-0.101476,-0.11129,0.224,0.029,0.021,0.025,0.508
2022-01-31,Utilities,71,-0.04086,-0.033649,0.349,0.114,0.075,0.077,0.707
2022-02-28,Communication Services,168,-0.02746,-0.069925,0.513,0.01,0.059,0.02,0.611
2022-02-28,Consumer Discretionary,470,-0.011392,-0.031659,0.377,0.053,0.112,0.166,0.634
2022-02-28,Consumer Staples,154,-0.009548,-0.011321,0.316,0.029,0.101,0.084,0.522
2022-02-28,Energy,156,0.135397,0.080486,0.345,0.004,0.094,0.016,0.508
2022-02-28,Financials,595,-0.000847,-0.01615,0.881,0.254,0.024,0.123,0.884
2022-02-28,Health Care,997,-0.040841,-0.00994,0.391,-0.719,-0.287,-0.342,0.297
2022-02-28,Industrials,519,0.009098,-0.000218,0.286,0.04,0.095,0.095,0.551
2022-02-28,Information Technology,582,-0.011189,-0.043902,0.561,-0.017,0.045,0.02,0.473
2022-02-28,Materials,147,0.055726,0.025063,0.291,0.069,0.118,0.125,0.538
2022-02-28,Real Estate,40,0.005521,-0.029237,0.234,0.043,0.024,0.021,0.518
2022-02-28,Utilities,71,-0.005442,-0.017141,0.335,0.105,0.073,0.076,0.699
2022-03-31,Communication Services,168,0.012116,0.00115,0.516,0.011,0.059,0.02,0.611
2022-03-31,Consumer Discretionary,471,-0.027203,0.035055,0.379,0.053,0.114,0.167,0.632
2022-03-31,Consumer Staples,155,0.012786,0.021751,0.318,0.028,0.098,0.082,0.524
2022-03-31,Energy,155,0.171585,0.104769,0.348,0.003,0.095,0.016,0.512
2022-03-31,Financials,596,-0.016771,-0.015314,0.881,0.254,0.023,0.123,0.884
2022-03-31,Health Care,996,0.023526,0.048378,0.387,-0.719,-0.287,-0.341,0.297
2022-03-31,Industrials,520,0.025164,0.030111,0.285,0.04,0.095,0.096,0.551
2022-03-31,Information Technology,580,0.008955,0.030116,0.562,-0.02,0.045,0.021,0.471
2022-03-31,Materials,146,0.118337,0.058251,0.292,0.067,0.117,0.123,0.536
2022-03-31,Real Estate,41,0.002359,-0.022564,0.234,0.043,0.023,0.021,0.512
2022-03-31,Utilities,70,0.06557,0.094673,0.336,0.108,0.073,0.075,0.701
2022-04-30,Communication Services,170,-0.131357,-0.146299,0.514,0.008,0.059,0.02,0.612
2022-04-30,Consumer Discretionary,469,-0.098663,-0.133593,0.379,0.053,0.115,0.167,0.632
2022-04-30,Consumer Staples,156,-0.029688,0.021382,0.32,0.028,0.098,0.082,0.53
2022-04-30,Energy,155,-0.030748,-0.015696,0.348,0.003,0.095,0.016,0.512
2022-04-30,Financials,590,-0.077914,-0.103994,0.88,0.253,0.024,0.124,0.884
2022-04-30,Health Care,1002,-0.18815,-0.064778,0.392,-0.714,-0.287,-0.326,0.297
2022-04-30,Industrials,521,-0.11124,-0.082346,0.285,0.04,0.095,0.099,0.552
2022-04-30,Information Technology,582,-0.120623,-0.11818,0.562,-0.02,0.045,0.023,0.471
2022-04-30,Materials,144,-0.054061,-0.053664,0.292,0.067,0.117,0.123,0.536
2022-04-30,Real Estate,41,-0.10923,-0.1106,0.234,0.043,0.023,0.021,0.512
2022-04-30,Utilities,71,-0.052741,-0.041378,0.336,0.108,0.072,0.075,0.701
2022-05-31,Communication Services,170,-0.008167,0.014427,0.506,0.001,0.05,0.006,0.609
2022-05-31,Consumer Discretionary,469,-0.048417,-0.050623,0.373,0.05,0.115,0.147,0.63
2022-05-31,Consumer Staples,157,-0.035426,-0.051064,0.311,0.031,0.088,0.079,0.525
2022-05-31,Energy,156,0.104607,0.150142,0.32,0.004,0.099,0.016,0.513
2022-05-31,Financials,592,0.019764,0.035863,0.89,0.25,0.023,0.117,0.884
2022-05-31,Health Care,1006,-0.065821,0.007328,0.349,-0.781,-0.277,-0.352,0.304
2022-05-31,Industrials,524,-0.006426,-0.008171,0.282,0.038,0.094,0.087,0.549
2022-05-31,Information Technology,585,-0.042007,-0.020932,0.553,-0.018,0.039,-0.015,0.49
2022-05-31,Materials,147,-0.013941,0.001485,0.292,0.069,0.121,0.114,0.532
2022-05-31,Real Estate,41,-0.018773,-0.02726,0.248,0.02,0.022,0.024,0.5
2022-05-31,Utilities,71,0.065149,0.04424,0.337,0.11,0.07,0.072,0.706
2022-06-30,Communication Services,171,-0.128329,-0.082293,0.5,-0.001,0.049,0.006,0.61
2022-06-30,Consumer Discretionary,467,-0.127662,-0.111028,0.37,0.05,0.114,0.147,0.63
2022-06-30,Consumer Staples,156,-0.036441,-0.026352,0.313,0.03,0.092,0.079,0.523
2022-06-30,Energy,156,-0.195553,-0.168422,0.32,0.004,0.099,0.014,0.515
2022-06-30,Financials,594,-0.075619,-0.109109,0.891,0.25,0.023,0.117,0.884
2022-06-30,Health Care,1011,0.002235,-0.02035,0.348,-0.782,-0.278,-0.352,0.305
2022-06-30,Industrials,524,-0.081339,-0.07751,0.283,0.039,0.094,0.087,0.549
2022-06-30,Information Technology,584,-0.109424,-0.092585,0.552,-0.02,0.04,-0.017,0.49
2022-06-30,Materials,147,-0.140505,-0.151087,0.293,0.069,0.121,0.114,0.532
2022-06-30,Real Estate,41,-0.152469,-0.162803,0.248,0.02,0.022,0.024,0.5
2022-06-30,Utilities,71,-0.045841,-0.051523,0.337,0.11,0.07,0.072,0.706
2022-07-31,Communication Services,172,0.056529,0.033245,0.499,-0.002,0.049,0.002,0.609
2022-07-31,Consumer Discretionary,468,0.112119,0.189056,0.37,0.049,0.111,0.146,0.63
2022-07-31,Consumer Staples,156,0.026487,0.03742,0.316,0.032,0.091,0.082,0.527
2022-07-31,Energy,156,0.124864,0.107823,0.318,0.003,0.099,0.014,0.52
2022-07-31,Financials,592,0.057135,0.077699,0.891,0.25,0.023,0.117,0.884
2022-07-31,Health Care,1011,0.077718,0.043104,0.348,-0.782,-0.276,-0.352,0.305
2022-07-31,Industrials,523,0.116039,0.104909,0.285,0.039,0.094,0.085,0.549
2022-07-31,Information Technology,580,0.111273,0.131619,0.552,-0.021,0.036,-0.017,0.487
2022-07-31,Materials,145,0.092846,0.072471,0.293,0.07,0.121,0.114,0.529
2022-07-31,Real Estate,42,0.077096,0.100436,0.245,0.019,0.022,0.023,0.504
2022-07-31,Utilities,71,0.067409,0.057504,0.337,0.11,0.07,0.072,0.706
2022-08-31,Communication Services,173,0.010158,-0.031307,0.498,-0.008,0.06,-0.016,0.619
2022-08-31,Consumer Discretionary,469,-0.016667,-0.044508,0.365,0.046,0.103,0.129,0.641
2022-08-31,Consumer Staples,155,-0.001454,-0.015646,0.313,0.026,0.089,0.078,0.542
2022-08-31,Energy,156,0.051759,0.032397,0.374,0.038,0.138,0.091,0.526
2022-08-31,Financials,593,-0.012438,-0.016788,0.888,0.24,0.022,0.111,0.886
2022-08-31,Health Care,1007,0.020382,-0.051114,0.334,-0.801,-0.298,-0.401,0.316
2022-08-31,Industrials,523,-0.01798,-0.025889,0.28,0.039,0.094,0.082,0.549
2022-08-31,Information Technology,577,-0.019876,-0.054433,0.543,-0.034,0.029,-0.04,0.476
2022-08-31,Materials,147,-0.025727,-0.025921,0.287,0.067,0.122,0.126,0.535
2022-08-31,Real Estate,43,-0.054756,-0.09205,0.26,0.02,0.021,0.016,0.506
2022-08-31,Utilities,71,0.009086,0.004211,0.33,0.116,0.072,0.075,0.704
2022-09-30,Communication Services,173,-0.162003,-0.122726,0.5,-0.007,0.061,-0.016,0.618
2022-09-30,Consumer Discretionary,468,-0.137815,-0.081953,0.36,0.044,0.1,0.12,0.641
2022-09-30,Consumer Staples,154,-0.140098,-0.078882,0.309,0.028,0.09,0.082,0.54
2022-09-30,Energy,157,-0.132155,-0.096696,0.372,0.039,0.138,0.095,0.526
2022-09-30,Financials,595,-0.073325,-0.078852,0.888,0.24,0.022,0.111,0.886
2022-09-30,Health Care,1005,-0.102963,-0.030945,0.33,-0.798,-0.299,-0.403,0.315
2022-09-30,Industrials,524,-0.124601,-0.10361,0.28,0.037,0.094,0.081,0.549
2022-09-30,Information Technology,574,-0.120826,-0.118255,0.543,-0.034,0.029,-0.042,0.465
2022-09-30,Materials,147,-0.121055,-0.109594,0.287,0.067,0.122,0.126,0.534
2022-09-30,Real Estate,43,-0.149939,-0.15878,0.26,0.02,0.021,0.016,0.506
2022-09-30,Utilities,71,-0.114516,-0.111077,0.33,0.116,0.072,0.075,0.704
2022-10-31,Communication Services,175,0.05939,0.014915,0.5,-0.006,0.061,-0.015,0.614
2022-10-31,Consumer Discretionary,469,0.095021,0.008644,0.36,0.045,0.1,0.12,0.641
2022-10-31,Consumer Staples,157,0.073459,0.091087,0.303,0.027,0.088,0.077,0.554
2022-10-31,Energy,156,0.239135,0.231844,0.37,0.039,0.141,0.1,0.522
2022-10-31,Financials,592,0.087444,0.119613,0.888,0.242,0.022,0.111,0.886
2022-10-31,Health Care,1001,0.011777,0.08704,0.333,-0.825,-0.302,-0.407,0.315
2022-10-31,Industrials,527,0.095669,0.129732,0.28,0.038,0.092,0.083,0.55
2022-10-31,Information Technology,571,0.057891,0.075443,0.543,-0.033,0.03,-0.042,0.469
2022-10-31,Materials,146,0.114143,0.096888,0.287,0.067,0.122,0.125,0.536
2022-10-31,Real Estate,44,0.03612,0.048929,0.26,0.028,0.022,0.016,0.51
2022-10-31,Utilities,71,0.054178,0.025634,0.33,0.116,0.072,0.075,0.704
2022-11-30,Communication Services,175,-0.008843,0.05179,0.496,-0.003,0.061,-0.018,0.61
2022-11-30,Consumer Discretionary,469,0.020583,0.013373,0.359,0.039,0.099,0.117,0.646
2022-11-30,Consumer Staples,157,0.001086,0.063284,0.309,0.023,0.086,0.061,0.538
2022-11-30,Energy,154,-0.002325,0.0135,0.37,0.066,0.164,0.18,0.518
2022-11-30,Financials,592,0.029203,0.059795,0.87,0.24,0.022,0.113,0.889
2022-11-30,Health Care,1004,-0.030657,0.044561,0.335,-0.867,-0.312,-0.443,0.321
2022-11-30,Industrials,532,0.015591,0.066697,0.28,0.035,0.094,0.077,0.556
2022-11-30,Information Technology,571,-0.008629,0.050147,0.534,-0.04,0.031,-0.053,0.479
2022-11-30,Materials,146,0.061896,0.114229,0.271,0.068,0.12,0.124,0.525
2022-11-30,Real Estate,44,0.043739,0.092653,0.271,0.026,0.024,0.02,0.506
2022-11-30,Utilities,71,0.058476,0.068128,0.324,0.112,0.073,0.076,0.703
2022-12-31,Communication Services,174,-0.109306,-0.069403,0.496,-0.003,0.062,-0.018,0.606
2022-12-31,Consumer Discretionary,467,-0.097315,-0.116517,0.357,0.038,0.098,0.112,0.646
2022-12-31,Consumer Staples,155,-0.063372,-0.032039,0.307,0.024,0.086,0.061,0.538
2022-12-31,Energy,153,-0.071573,-0.043973,0.367,0.066,0.165,0.187,0.52
2022-12-31,Financials,590,-0.04418,-0.062145,0.87,0.241,0.022,0.113,0.889
2022-12-31,Health Care,1002,-0.046626,-0.021145,0.333,-0.851,-0.312,-0.446,0.321
2022-12-31,Industrials,530,-0.068174,-0.039144,0.281,0.036,0.095,0.078,0.555
2022-12-31,Information Technology,570,-0.069958,-0.079152,0.533,-0.038,0.032,-0.053,0.481
2022-12-31,Materials,146,-0.057033,-0.055646,0.271,0.068,0.12,0.124,0.525
2022-12-31,Real Estate,44,-0.053309,-0.0635,0.271,0.026,0.024,0.02,0.506
2022-12-31,Utilities,71,-0.022566,-0.007591,0.324,0.112,0.073,0.076,0.703
2023-01-31,Communication Services,176,0.296636,0.146066,0.496,-0.003,0.063,-0.019,0.606
2023-01-31,Consumer Discretionary,464,0.218564,0.161321,0.357,0.039,0.099,0.112,0.645
2023-01-31,Consumer Staples,155,0.087866,-0.002683,0.31,0.022,0.085,0.06,0.538
2023-01-31,Energy,153,0.046601,0.024575,0.367,0.066,0.165,0.187,0.52
2023-01-31,Financials,588,0.068025,0.08035,0.87,0.24,0.022,0.113,0.889
2023-01-31,Health Care,998,0.200135,-0.007456,0.333,-0.875,-0.311,-0.444,0.32
2023-01-31,Industrials,530,0.149868,0.056027,0.281,0.037,0.095,0.081,0.553
2023-01-31,Information Technology,570,0.184299,0.096461,0.529,-0.039,0.032,-0.052,0.479
2023-01-31,Materials,147,0.134835,0.11723,0.271,0.068,0.119,0.122,0.522
2023-01-31,Real Estate,44,0.195065,0.157881,0.271,0.026,0.024,0.02,0.506
2023-01-31,Utilities,71,0.024215,-0.016234,0.324,0.112,0.073,0.076,0.703
2023-02-28,Communication Services,178,-0.078496,-0.038903,0.497,-0.008,0.062,-0.022,0.622
2023-02-28,Consumer Discretionary,455,-0.046988,-0.020933,0.355,0.03,0.096,0.087,0.65
2023-02-28,Consumer Staples,155,-0.038179,-0.023284,0.297,0.018,0.083,0.066,0.574
2023-02-28,Energy,153,-0.056877,-0.068649,0.401,0.076,0.183,0.17,0.496
2023-02-28,Financials,587,0.002247,-0.018076,0.825,0.227,0.022,0.111,0.893
2023-02-28,Health Care,997,-0.06647,-0.046738,0.375,-0.859,-0.326,-0.432,0.396
2023-02-28,Industrials,532,-0.014564,-0.006887,0.281,0.035,0.095,0.086,0.566
2023-02-28,Information Technology,562,-0.029006,0.005667,0.537,-0.04,0.029,-0.04,0.506
2023-02-28,Materials,148,-0.038491,-0.039121,0.265,0.058,0.114,0.113,0.519
2023-02-28,Real Estate,44,-0.058594,-0.053442,0.253,-0.007,0.026,0.01,0.5
2023-02-28,Utilities,70,-0.04256,-0.05655,0.316,0.113,0.072,0.073,0.705
2023-03-31,Communication Services,177,-0.07345,0.080232,0.498,-0.008,0.062,-0.022,0.62
2023-03-31,Consumer Discretionary,448,-0.05911,0.02665,0.356,0.026,0.093,0.081,0.648
2023-03-31,Consumer Staples,159,-0.042164,0.03735,0.297,0.023,0.085,0.078,0.576
2023-03-31,Energy,154,-0.078082,-0.007451,0.402,0.077,0.183,0.17,0.494
2023-03-31,Financials,620,-0.127753,-0.086055,0.813,0.214,0.022,0.109,0.891
2023-03-31,Health Care,989,-0.073631,0.01887,0.38,-0.819,-0.323,-0.42,0.399
2023-03-31,Industrials,546,-0.049563,-0.002029,0.282,0.036,0.096,0.09,0.572
2023-03-31,Information Technology,508,-0.019018,0.109516,0.548,-0.051,0.022,-0.052,0.489
2023-03-31,Materials,147,-0.041259,-0.020067,0.265,0.057,0.113,0.113,0.518
2023-03-31,Real Estate,44,-0.03583,-0.081652,0.253,-0.005,0.026,0.01,0.5
2023-03-31,Utilities,70,0.015424,0.044398,0.316,0.113,0.072,0.073,0.705
2023-04-30,Communication Services,178,-0.024687,0.027483,0.504,-0.008,0.062,-0.025,0.618
2023-04-30,Consumer Discretionary,446,-0.021607,-0.011435,0.352,0.026,0.093,0.082,0.648
2023-04-30,Consumer Staples,156,-0.008082,0.032829,0.301,0.025,0.086,0.079,0.575
2023-04-30,Energy,154,-0.024347,0.025449,0.402,0.077,0.183,0.17,0.494
2023-04-30,Financials,616,-0.031798,0.020781,0.813,0.216,0.022,0.11,0.891
2023-04-30,Health Care,983,0.018695,0.030131,0.384,-0.824,-0.325,-0.417,0.394
2023-04-30,Industrials,547,-0.044866,-0.011705,0.281,0.037,0.096,0.09,0.57
2023-04-30,Information Technology,508,-0.074267,-0.005263,0.548,-0.051,0.022,-0.052,0.492
2023-04-30,Materials,147,-0.033499,-0.01677,0.265,0.057,0.112,0.111,0.518
2023-04-30,Real Estate,44,-0.026946,-0.005933,0.253,-0.005,0.026,0.01,0.5
2023-04-30,Utilities,71,-0.009881,0.015419,0.316,0.113,0.072,0.072,0.704
2023-05-31,Communication Services,178,-0.026625,0.034972,0.502,-0.024,0.063,-0.062,0.6
2023-05-31,Consumer Discretionary,446,-0.043433,0.020862,0.356,0.023,0.087,0.065,0.652
2023-05-31,Consumer Staples,157,-0.044987,-0.055542,0.308,0.021,0.088,0.071,0.565
2023-05-31,Energy,155,-0.046813,-0.094363,0.422,0.114,0.214,0.236,0.497
2023-05-31,Financials,614,-0.035451,-0.041293,0.751,0.198,0.022,0.111,0.889
2023-05-31,Health Care,979,0.011834,-0.035846,0.349,-0.919,-0.336,-0.491,0.383
2023-05-31,Industrials,558,-0.006943,-0.023995,0.281,0.037,0.098,0.081,0.568
2023-05-31,Information Technology,504,0.111066,0.1023,0.538,-0.058,0.017,-0.072,0.475
2023-05-31,Materials,147,-0.070936,-0.071903,0.259,0.053,0.109,0.085,0.517
2023-05-31,Real Estate,44,0.054006,0.01856,0.265,-0.001,0.025,0.004,0.499
2023-05-31,Utilities,71,-0.029855,-0.055461,0.318,0.104,0.073,0.072,0.699
2023-06-30,Communication Services,180,0.039567,0.043787,0.499,-0.027,0.064,-0.062,0.6
2023-06-30,Consumer Discretionary,446,0.095357,0.115668,0.356,0.022,0.086,0.062,0.656
2023-06-30,Consumer Staples,158,0.02023,0.034517,0.303,0.02,0.088,0.066,0.562
2023-06-30,Energy,156,0.111416,0.070315,0.422,0.105,0.207,0.224,0.506
2023-06-30,Financials,612,0.068218,0.06913,0.751,0.2,0.022,0.111,0.889
2023-06-30,Health Care,967,0.023744,0.043148,0.351,-0.919,-0.334,-0.49,0.383
2023-06-30,Industrials,555,0.116256,0.118587,0.281,0.039,0.098,0.083,0.568
2023-06-30,Information Technology,500,0.047646,0.066734,0.536,-0.049,0.018,-0.068,0.476
2023-06-30,Materials,148,0.10044,0.116133,0.259,0.053,0.109,0.085,0.519
2023-06-30,Real Estate,44,0.073272,0.104712,0.265,0,0.025,0.004,0.499
2023-06-30,Utilities,71,0.004882,0.014518,0.318,0.104,0.073,0.072,0.699
2023-07-31,Communication Services,178,0.042603,0.05842,0.499,-0.024,0.067,-0.059,0.6
2023-07-31,Consumer Discretionary,446,0.077309,0.033751,0.356,0.023,0.087,0.064,0.655
2023-07-31,Consumer Staples,158,0.015458,0.019118,0.313,0.021,0.09,0.07,0.565
2023-07-31,Energy,157,0.103225,0.074881,0.409,0.104,0.207,0.224,0.511
2023-07-31,Financials,612,0.108548,0.06452,0.751,0.2,0.022,0.111,0.889
2023-07-31,Health Care,961,0.01228,0.008591,0.351,-0.912,-0.334,-0.488,0.376
2023-07-31,Industrials,549,0.058299,0.033561,0.281,0.04,0.098,0.088,0.57
2023-07-31,Information Technology,501,0.046061,0.029531,0.537,-0.054,0.018,-0.07,0.472
2023-07-31,Materials,148,0.075009,0.052761,0.259,0.053,0.109,0.085,0.513
2023-07-31,Real Estate,46,0.059188,0.033911,0.265,0.002,0.025,0.009,0.487
2023-07-31,Utilities,71,0.028623,0.023735,0.318,0.104,0.073,0.073,0.699
2023-08-31,Communication Services,181,-0.081823,-0.020496,0.499,-0.015,0.063,-0.052,0.592
2023-08-31,Consumer Discretionary,449,-0.080271,-0.017976,0.354,0.026,0.085,0.075,0.657
2023-08-31,Consumer Staples,158,-0.040359,-0.029204,0.313,0.02,0.091,0.078,0.579
2023-08-31,Energy,156,-0.004627,0.020104,0.406,0.111,0.202,0.186,0.499
2023-08-31,Financials,610,-0.051275,-0.033493,0.688,0.178,0.022,0.11,0.892
2023-08-31,Health Care,957,-0.087673,-0.010271,0.349,-0.8,-0.337,-0.496,0.394
2023-08-31,Industrials,549,-0.061886,-0.024236,0.285,0.038,0.101,0.08,0.571
2023-08-31,Information Technology,497,-0.073512,-0.01729,0.53,-0.064,0.02,-0.072,0.472
2023-08-31,Materials,148,-0.070813,-0.041203,0.257,0.051,0.1,0.076,0.51
2023-08-31,Real Estate,46,-0.092435,-0.033085,0.236,-0.018,0.021,0,0.477
2023-08-31,Utilities,71,-0.06324,-0.062395,0.33,0.103,0.074,0.07,0.689
2023-09-30,Communication Services,178,-0.084491,-0.030202,0.495,-0.015,0.064,-0.05,0.59
2023-09-30,Consumer Discretionary,447,-0.083486,-0.059746,0.357,0.027,0.085,0.078,0.655
2023-09-30,Consumer Staples,159,-0.078085,-0.043461,0.311,0.02,0.091,0.072,0.578
2023-09-30,Energy,155,0.021921,0.02502,0.409,0.11,0.201,0.182,0.498
2023-09-30,Financials,609,-0.043939,-0.033926,0.688,0.179,0.022,0.11,0.892
2023-09-30,Health Care,950,-0.086017,-0.037197,0.351,-0.803,-0.335,-0.495,0.387
2023-09-30,Industrials,549,-0.072045,-0.059015,0.285,0.038,0.102,0.08,0.569
2023-09-30,Information Technology,496,-0.094019,-0.067687,0.53,-0.064,0.019,-0.07,0.472
2023-09-30,Materials,148,-0.054922,-0.054609,0.259,0.051,0.1,0.076,0.51
2023-09-30,Real Estate,46,-0.088672,-0.103663,0.236,-0.018,0.021,-0.001,0.477
2023-09-30,Utilities,71,-0.065603,-0.055712,0.33,0.103,0.074,0.07,0.689
2023-10-31,Communication Services,179,-0.067322,-0.009018,0.49,-0.017,0.059,-0.053,0.594
2023-10-31,Consumer Discretionary,447,-0.087552,-0.046894,0.357,0.027,0.086,0.077,0.656
2023-10-31,Consumer Staples,158,-0.081485,-0.013482,0.309,0.02,0.091,0.072,0.578
2023-10-31,Energy,156,-0.047305,-0.054369,0.406,0.109,0.2,0.181,0.498
2023-10-31,Financials,610,-0.037723,-0.032047,0.686,0.179,0.023,0.11,0.892
2023-10-31,Health Care,953,-0.120737,-0.038859,0.349,-0.802,-0.336,-0.493,0.387
2023-10-31,Industrials,546,-0.090557,-0.036317,0.285,0.038,0.102,0.079,0.569
2023-10-31,Information Technology,491,-0.09254,-0.008158,0.529,-0.064,0.02,-0.067,0.471
2023-10-31,Materials,148,-0.071189,-0.050999,0.26,0.051,0.1,0.075,0.51
2023-10-31,Real Estate,46,-0.11353,-0.084758,0.236,-0.018,0.021,-0.001,0.477
2023-10-31,Utilities,71,-0.005822,0.009337,0.33,0.103,0.073,0.069,0.689
2023-11-30,Communication Services,179,0.08463,0.081839,0.488,-0.019,0.056,-0.059,0.595
2023-11-30,Consumer Discretionary,446,0.087375,0.11153,0.357,0.027,0.085,0.06,0.655
2023-11-30,Consumer Staples,157,0.081896,0.035259,0.319,0.024,0.093,0.071,0.576
2023-11-30,Energy,154,-0.04718,-0.010271,0.397,0.081,0.183,0.125,0.501
2023-11-30,Financials,610,0.105393,0.120629,0.631,0.164,0.022,0.109,0.892
2023-11-30,Health Care,951,0.090137,0.057971,0.373,-0.804,-0.336,-0.499,0.402
2023-11-30,Industrials,546,0.077896,0.09301,0.282,0.036,0.102,0.078,0.57
2023-11-30,Information Technology,485,0.127243,0.131233,0.53,-0.059,0.031,-0.067,0.474
2023-11-30,Materials,148,0.08424,0.086705,0.26,0.042,0.098,0.073,0.504
2023-11-30,Real Estate,46,0.058409,0.131407,0.23,-0.049,0.018,-0.024,0.464
2023-11-30,Utilities,71,0.06022,0.050764,0.341,0.117,0.075,0.072,0.697
2023-12-31,Communication Services,177,0.115692,0.050653,0.488,-0.019,0.056,-0.061,0.598
2023-12-31,Consumer Discretionary,444,0.124597,0.064911,0.356,0.027,0.087,0.065,0.655
2023-12-31,Consumer Staples,159,0.049494,0.030811,0.314,0.024,0.094,0.071,0.579
2023-12-31,Energy,155,0.015725,-0.00145,0.395,0.081,0.182,0.121,0.496
2023-12-31,Financials,610,0.140613,0.076684,0.631,0.163,0.022,0.109,0.892
2023-12-31,Health Care,937,0.168595,0.057581,0.373,-0.798,-0.329,-0.499,0.399
2023-12-31,Industrials,547,0.106167,0.07752,0.283,0.036,0.101,0.078,0.57
2023-12-31,Information Technology,481,0.121769,0.042007,0.531,-0.059,0.031,-0.064,0.474
2023-12-31,Materials,146,0.096225,0.079762,0.261,0.042,0.099,0.072,0.505
2023-12-31,Real Estate,46,0.131911,0.145817,0.23,-0.049,0.017,-0.024,0.464
2023-12-31,Utilities,71,0.052198,0.024043,0.341,0.117,0.075,0.072,0.697
2024-01-31,Communication Services,175,-0.022094,0.049903,0.488,-0.019,0.061,-0.061,0.598
2024-01-31,Consumer Discretionary,444,-0.056707,-0.037736,0.356,0.027,0.087,0.06,0.655
2024-01-31,Consumer Staples,156,-0.032722,0.014179,0.314,0.025,0.096,0.074,0.575
2024-01-31,Energy,156,-0.05921,-0.005775,0.397,0.081,0.183,0.125,0.493
2024-01-31,Financials,608,-0.029322,0.014818,0.631,0.164,0.022,0.109,0.892
2024-01-31,Health Care,938,0.000025,0.024192,0.365,-0.783,-0.329,-0.498,0.402
2024-01-31,Industrials,547,-0.048797,-0.013605,0.283,0.035,0.101,0.078,0.571
2024-01-31,Information Technology,482,-0.035454,0.035349,0.529,-0.061,0.028,-0.064,0.476
2024-01-31,Materials,147,-0.073762,-0.043716,0.261,0.041,0.099,0.072,0.505
2024-01-31,Real Estate,47,-0.044602,-0.070445,0.23,-0.049,0.011,-0.024,0.473
2024-01-31,Utilities,71,-0.062343,-0.033647,0.341,0.117,0.075,0.072,0.697
2024-02-29,Communication Services,172,0.033129,0.063116,0.501,-0.015,0.062,-0.05,0.593
2024-02-29,Consumer Discretionary,442,0.035711,0.088909,0.353,0.027,0.087,0.076,0.662
2024-02-29,Consumer Staples,155,0.029593,0.031109,0.322,0.026,0.102,0.092,0.584
2024-02-29,Energy,156,0.02723,0.034625,0.39,0.088,0.158,0.122,0.476
2024-02-29,Financials,608,-0.002131,0.042684,0.587,0.139,0.021,0.094,0.886
2024-02-29,Health Care,924,0.12828,0.041962,0.381,-0.688,-0.337,-0.454,0.434
2024-02-29,Industrials,546,0.060779,0.069224,0.288,0.034,0.101,0.079,0.579
2024-02-29,Information Technology,486,0.065539,0.062603,0.536,-0.045,0.035,-0.037,0.478
2024-02-29,Materials,149,0.044001,0.046172,0.253,0.043,0.095,0.059,0.498
2024-02-29,Real Estate,47,-0.039318,0.025942,0.218,-0.053,0.006,-0.035,0.455
2024-02-29,Utilities,71,0.009831,0.015049,0.355,0.119,0.075,0.07,0.695
2024-03-31,Communication Services,169,-0.006298,0.027873,0.502,-0.014,0.063,-0.048,0.593
2024-03-31,Consumer Discretionary,440,0.017021,0.005304,0.356,0.027,0.088,0.081,0.66
2024-03-31,Consumer Staples,154,0.014841,0.033138,0.322,0.024,0.101,0.084,0.583
2024-03-31,Energy,156,0.0915,0.100621,0.39,0.088,0.158,0.126,0.476
2024-03-31,Financials,607,0.03096,0.049996,0.587,0.139,0.021,0.094,0.886
2024-03-31,Health Care,920,0.01853,0.021327,0.383,-0.679,-0.334,-0.45,0.433
2024-03-31,Industrials,545,0.037058,0.044742,0.288,0.034,0.101,0.079,0.579
2024-03-31,Information Technology,485,0.013799,0.019499,0.533,-0.046,0.035,-0.037,0.483
2024-03-31,Materials,149,0.090332,0.08494,0.253,0.043,0.095,0.059,0.498
2024-03-31,Real Estate,47,-0.033962,0.045199,0.218,-0.045,0.006,-0.008,0.455
2024-03-31,Utilities,71,0.040928,0.068928,0.355,0.119,0.075,0.07,0.695
2024-04-30,Communication Services,168,-0.045808,-0.043557,0.502,-0.014,0.065,-0.05,0.594
2024-04-30,Consumer Discretionary,439,-0.081087,-0.047751,0.356,0.027,0.088,0.076,0.659
2024-04-30,Consumer Staples,154,-0.04962,-0.013172,0.317,0.025,0.102,0.092,0.583
2024-04-30,Energy,154,0.010006,-0.004911,0.388,0.088,0.162,0.126,0.476
2024-04-30,Financials,604,-0.056005,-0.044324,0.586,0.139,0.021,0.094,0.886
2024-04-30,Health Care,921,-0.108724,-0.053831,0.385,-0.673,-0.335,-0.448,0.432
2024-04-30,Industrials,544,-0.071786,-0.044657,0.288,0.034,0.101,0.08,0.579
2024-04-30,Information Technology,485,-0.070188,-0.054592,0.532,-0.045,0.035,-0.034,0.48
2024-04-30,Materials,149,-0.034728,-0.039334,0.253,0.047,0.095,0.06,0.498
2024-04-30,Real Estate,46,-0.083408,-0.086981,0.223,-0.042,0.009,-0.007,0.453
2024-04-30,Utilities,71,-0.007357,0.015838,0.355,0.119,0.075,0.07,0.695
2024-05-31,Communication Services,172,0.053135,0.06647,0.507,-0.043,0.064,-0.061,0.594
2024-05-31,Consumer Discretionary,435,0.131196,0.009393,0.356,0.026,0.088,0.071,0.655
2024-05-31,Consumer Staples,154,0.050683,0.030641,0.328,0.027,0.104,0.084,0.583
2024-05-31,Energy,154,0.036451,0.001847,0.38,0.074,0.153,0.101,0.487
2024-05-31,Financials,602,0.047304,0.033104,0.556,0.13,0.021,0.093,0.887
2024-05-31,Health Care,916,0.020062,0.024139,0.35,-0.672,-0.342,-0.51,0.406
2024-05-31,Industrials,539,0.044001,0.019074,0.287,0.036,0.1,0.077,0.578
2024-05-31,Information Technology,492,0.028827,0.092774,0.534,-0.039,0.033,-0.042,0.483
2024-05-31,Materials,149,0.071529,0.046307,0.247,0.036,0.09,0.054,0.505
2024-05-31,Real Estate,46,0.01869,-0.016243,0.228,-0.057,0.013,-0.016,0.473
2024-05-31,Utilities,72,0.059175,0.085088,0.367,0.126,0.077,0.075,0.696
2024-06-30,Communication Services,171,-0.012257,0.041731,0.509,-0.043,0.066,-0.061,0.599
2024-06-30,Consumer Discretionary,435,-0.034945,0.039104,0.356,0.025,0.088,0.069,0.658
2024-06-30,Consumer Staples,154,-0.020115,-0.00111,0.328,0.028,0.104,0.084,0.583
2024-06-30,Energy,154,-0.041946,-0.01623,0.38,0.075,0.153,0.101,0.487
2024-06-30,Financials,602,0.006167,-0.00586,0.556,0.13,0.021,0.093,0.887
2024-06-30,Health Care,912,-0.06373,0.019977,0.35,-0.62,-0.34,-0.506,0.4
2024-06-30,Industrials,541,-0.042257,-0.012659,0.288,0.036,0.101,0.077,0.58
2024-06-30,Information Technology,491,0.014611,0.090744,0.534,-0.035,0.036,-0.043,0.48
2024-06-30,Materials,149,-0.102022,-0.052348,0.247,0.036,0.09,0.054,0.505
2024-06-30,Real Estate,47,0.011122,-0.019461,0.228,-0.061,0.007,-0.032,0.489
2024-06-30,Utilities,71,-0.036149,-0.052694,0.369,0.126,0.077,0.074,0.696
2024-07-31,Communication Services,170,0.064042,-0.02907,0.513,-0.035,0.064,-0.059,0.597
2024-07-31,Consumer Discretionary,433,0.074486,0.023073,0.356,0.026,0.087,0.069,0.657
2024-07-31,Consumer Staples,155,0.035052,0.019462,0.328,0.028,0.104,0.083,0.586
2024-07-31,Energy,150,0.048748,0.022691,0.379,0.074,0.153,0.099,0.482
2024-07-31,Financials,597,0.135479,0.071738,0.556,0.13,0.021,0.093,0.887
2024-07-31,Health Care,908,0.091317,0.031071,0.353,-0.609,-0.34,-0.506,0.4
2024-07-31,Industrials,542,0.068622,0.056722,0.289,0.036,0.1,0.077,0.58
2024-07-31,Information Technology,489,0.035809,-0.019982,0.537,-0.035,0.037,-0.042,0.477
2024-07-31,Materials,148,0.081543,0.05587,0.249,0.036,0.09,0.055,0.505
2024-07-31,Real Estate,46,0.103747,0.155362,0.228,-0.061,0.012,-0.027,0.473
2024-07-31,Utilities,71,0.099993,0.070035,0.369,0.126,0.077,0.074,0.696
2024-08-31,Communication Services,171,-0.02321,0.028386,0.501,-0.037,0.061,-0.075,0.614
2024-08-31,Consumer Discretionary,432,-0.037378,-0.008158,0.355,0.023,0.09,0.068,0.649
2024-08-31,Consumer Staples,153,-0.007538,0.060467,0.355,0.029,0.107,0.083,0.582
2024-08-31,Energy,149,-0.057088,-0.020731,0.378,0.075,0.14,0.078,0.485
2024-08-31,Financials,594,0.006479,0.033163,0.533,0.12,0.021,0.089,0.886
2024-08-31,Health Care,902,-0.029588,0.049958,0.358,-0.644,-0.342,-0.53,0.411
2024-08-31,Industrials,541,-0.03278,0.018343,0.295,0.035,0.099,0.08,0.578
2024-08-31,Information Technology,486,-0.027071,0.013138,0.545,-0.028,0.035,-0.034,0.472
2024-08-31,Materials,147,-0.039905,-0.002406,0.249,0.039,0.09,0.062,0.501
2024-08-31,Real Estate,47,-0.026191,0.010442,0.236,-0.051,0.015,-0.018,0.457
2024-08-31,Utilities,71,0.004955,0.042911,0.369,0.129,0.078,0.075,0.698
2024-09-30,Communication Services,170,0.000526,0.05074,0.501,-0.039,0.061,-0.077,0.614
2024-09-30,Consumer Discretionary,430,0.024774,0.066778,0.357,0.023,0.09,0.066,0.648
2024-09-30,Consumer Staples,151,-0.014587,0.011934,0.355,0.029,0.102,0.083,0.579
2024-09-30,Energy,149,-0.014934,-0.027107,0.378,0.075,0.145,0.078,0.485
2024-09-30,Financials,594,0.002201,-0.001473,0.533,0.12,0.021,0.089,0.886
2024-09-30,Health Care,898,-0.024105,-0.017078,0.356,-0.641,-0.341,-0.525,0.411
2024-09-30,Industrials,540,0.023192,0.029414,0.295,0.035,0.099,0.08,0.577
2024-09-30,Information Technology,484,0.011887,0.027371,0.55,-0.028,0.035,-0.03,0.469
2024-09-30,Materials,146,0.040796,0.043382,0.246,0.04,0.09,0.063,0.501
2024-09-30,Real Estate,45,0.046271,0.024397,0.253,-0.029,0.023,-0.017,0.446
2024-09-30,Utilities,72,0.042043,0.062064,0.367,0.13,0.078,0.075,0.697
2024-10-31,Communication Services,169,0.033606,0.022772,0.501,-0.037,0.062,-0.077,0.614
2024-10-31,Consumer Discretionary,427,-0.041466,-0.019036,0.357,0.023,0.089,0.067,0.649
2024-10-31,Consumer Staples,149,-0.032517,-0.023546,0.351,0.029,0.101,0.079,0.577
2024-10-31,Energy,145,0.025399,0.012554,0.394,0.08,0.147,0.085,0.484
2024-10-31,Financials,593,0.023828,0.034069,0.534,0.12,0.021,0.089,0.886
2024-10-31,Health Care,895,0.012632,-0.044358,0.357,-0.649,-0.34,-0.513,0.41
2024-10-31,Industrials,538,-0.010246,-0.007997,0.298,0.036,0.101,0.08,0.576
2024-10-31,Information Technology,477,-0.001402,-0.005964,0.552,-0.026,0.035,-0.029,0.468
2024-10-31,Materials,146,-0.013891,-0.030607,0.246,0.038,0.09,0.063,0.501
2024-10-31,Real Estate,46,-0.04079,-0.014803,0.251,-0.037,0.022,-0.026,0.446
2024-10-31,Utilities,72,0.003836,-0.009576,0.367,0.13,0.078,0.075,0.697
2024-11-30,Communication Services,169,0.069426,0.045935,0.518,-0.048,0.07,-0.065,0.624
2024-11-30,Consumer Discretionary,427,0.067022,0.129471,0.361,0.022,0.09,0.068,0.652
2024-11-30,Consumer Staples,150,0.080987,0.057336,0.354,0.028,0.101,0.073,0.579
2024-11-30,Energy,146,0.111003,0.083609,0.383,0.077,0.125,0.082,0.478
2024-11-30,Financials,594,0.134907,0.119551,0.529,0.115,0.021,0.091,0.884
2024-11-30,Health Care,895,0.04051,0.008003,0.366,-0.586,-0.343,-0.513,0.41
2024-11-30,Industrials,534,0.163242,0.079777,0.298,0.039,0.101,0.081,0.577
2024-11-30,Information Technology,470,0.181216,0.060154,0.551,-0.024,0.038,-0.026,0.463
2024-11-30,Materials,146,0.045977,0.026988,0.247,0.037,0.094,0.057,0.501
2024-11-30,Real Estate,46,0.04392,0.054704,0.239,-0.037,0.018,-0.027,0.454
2024-11-30,Utilities,73,0.067985,0.042116,0.374,0.127,0.077,0.075,0.699
2024-12-31,Communication Services,167,-0.01051,0.006723,0.523,-0.047,0.07,-0.057,0.626
2024-12-31,Consumer Discretionary,423,-0.028527,0.013832,0.363,0.022,0.09,0.068,0.651
2024-12-31,Consumer Staples,148,-0.027377,-0.047243,0.355,0.029,0.104,0.076,0.58
2024-12-31,Energy,145,-0.054435,-0.0871,0.383,0.079,0.135,0.085,0.475
2024-12-31,Financials,597,-0.065875,-0.057954,0.529,0.115,0.021,0.091,0.884
2024-12-31,Health Care,891,-0.062122,-0.065413,0.378,-0.56,-0.341,-0.513,0.408
2024-12-31,Industrials,535,-0.027393,-0.082593,0.298,0.038,0.101,0.079,0.577
2024-12-31,Information Technology,471,0.081482,0.007626,0.553,-0.024,0.038,-0.024,0.467
2024-12-31,Materials,145,-0.072179,-0.115997,0.247,0.037,0.095,0.057,0.5
2024-12-31,Real Estate,46,-0.102188,-0.097802,0.239,-0.037,0.018,-0.027,0.454
2024-12-31,Utilities,72,-0.074541,-0.079193,0.375,0.125,0.078,0.075,0.7
